연번,상호,지번,전화번호,비고
1,복사골관광(주),경기도 부천시 심곡동 170-7번지 ,032-655-3600,국내여행업
2,주)내쇼날항공여행사,경기도 부천시 심곡동 158-2번지 ,032-666-2300,국내여행업
3,주)월드테마여행사,경기도 부천시 심곡동 122-5번지 ,,국내여행업
4,주)메트로여행사,경기도 부천시 심곡동 190-18번지 ,,국내여행업
5,프린스관광(주),경기도 부천시 심곡동 351-39번지 ,032-664-2600,국내여행업
6,신세대관광(주),경기도 부천시 심곡동 157-1번지 ,,국내여행업
7,주)쿨허니문투어,경기도 부천시 심곡동 358-2번지 ,,국내여행업
8,(주)제이앤제이컴퍼니,경기도 부천시 심곡동 133-14번지 ,,국내여행업
9,(주)하이원투어,경기도 부천시 심곡동 98-16번지 ,,국내여행업
10,(주)여행콜여행사,경기도 부천시 심곡동 130-6번지 407호,,국내여행업
11,주식회사 이지투어,경기도 부천시 심곡동 305-3번지 ,070-4203-8599,국내여행업
12,주)서광항공여행사,경기도 부천시 도당동 58-1번지 ,,국내여행업
13,주)맥스여행사,경기도 부천시 역곡동 77-10번지 ,032-349-4242,국내여행업
14,조은여행,경기도 부천시 춘의동 130-11번지 1층 ,032-683-0999,국내여행업
15,ISK항공여행사,경기도 부천시 상동 449-1번지 동아하이츠빌딩 604호,032-326-6163,국내여행업
16,블루스카이(주),경기도 부천시 약대동 138-1번지 ,032-681-1100,국내여행업
17,(주)신세계길벗고속관광,경기도 부천시 중동 1079번지 뉴월드타운 ,032-328-8671,국내여행업
18,(주)하나월드여행사,경기도 부천시 중동 1164번지 현대백화점부천중동점 ,032-623-2805,국내여행업
19,(주)소풍여행사,경기도 부천시 중동 1149번지 ,032-322-0025,국내여행업
20,(주)길벗테마여행사,경기도 부천시 중동 3-75번지 알프스타워 ,,국내여행업
21,(주)부천여행사,경기도 부천시 중동 1140-2번지 트리플타워 A동 206호,,국내여행업
22,(주)비젼항공투어,"경기도 부천시 중동 1162-1번지 804,5호",,국내여행업
23,(주)삼화관광여행사,경기도 부천시 도당동 221-3번지 부원빌딩 ,032-663-0400,국내여행업
24,(주)길벗여행사,경기도 부천시 중동 3-75번지 알프스타워 ,,국내여행업
25,(주)세진투어,경기도 부천시 중동 1140번지 ,032-320-7877,국내여행업
26,초이스투어,경기도 부천시 중동 1141번지 코스모폴리탄 504호,,국내여행업
27,(주)해피데이,경기도 부천시 중동 1152-3번지 메트로펠리스1 비동 1428호,,국내여행업
28,애플여행사,경기도 부천시 도당동 221-3번지 부원빌딩 ,,국내여행업
29,주)삼화항공,경기도 부천시 상동 544-1번지 로얄타워 103호,032-328-0405,국내여행업
30,(주)베스트트래블,경기도 부천시 상동 539-1번지 부천터미널 소풍 1층 ,032-624-7570,국내여행업
31,(주)제이씨투어,경기도 부천시 상동 606-6번지 101호,032-666-3006,국내여행업
32,해피로드(HAPPY ROAD),경기도 부천시 상동 535-1번지 뱅뱅프라자 209호,032-613-5010,국내여행업
33,(주)미래를 여는 여행사,경기도 부천시 상동 532-16번지 202-1호,032-504-6699,국내여행업
34,클럽마루,경기도 부천시 상동 534-2번지 ,,국내여행업
35,(주)지오리소스,경기도 부천시 상동 534-9번지 801호,,국내여행업
36,국민레저산업 주식회사,경기도 부천시 상동 548-4번지 ,,국내여행업
37,리무진M클럽여행사,경기도 부천시 상동 412번지 금강리빙스텔 613호,032-323-4800,국내여행업
38,수도고속관광여행사(주),경기도 부천시 송내동 409번지 104호,032-667-3434,국내여행업
39,(주)퍼시즌투어,경기도 부천시 송내동 632-4번지 송내역사 ,032-326-7788,국내여행업
40,주식회사미래월드항공여행사,경기도 부천시 심곡본동 669-14번지 ,070-7672-8813,국내여행업
41,(주)여행월드,경기도 부천시 심곡본동 316-2번지 ,032-655-6127,국내여행업
42,골프몬투어,경기도 부천시 송내동 708-10번지 ,032-653-5938,국내여행업
43,여행버튼,경기도 부천시 심곡본동 746번지 ,,국내여행업
44,인라인투어,경기도 부천시 소사본동 76번지 ,,국내여행업
45,(주)내나라관광,경기도 부천시 고강동 338-9번지 ,,국내여행업
46,힐링트레블,경기도 부천시 여월동 301번지 홈플러스 부천여월점 B1 ,032-679-9150,국내여행업
47,주)라파엘여행사,경기도 부천시 삼정동 36-1번지 부천테크노파크 쌍용3차 401동104호 ,,국내여행업
48,(주)현대항공여행사,경기도 부천시 대장동 688번지 ,,국내여행업
49,ABC투어,경기도 부천시 원종동 9-79번지 럭키파크빌 2동 501호,,국내여행업
50,정나라투어,경기도 부천시 원종동 229-5번지 ,,국내여행업
51,에스비에스여행사,경기도 부천시 원종동 313-10번지 ,032-682-0057,국내여행업
52,(주)팀싸파,경기도 부천시 오정동 154-3번지 ,032-676-4880,국내여행업
53,라온여행사,경기도 부천시 오정동 726번지 ,032-672-2626,국내여행업
54,주)가야관광여행사,서울특별시 중구 서소문동 39-1번지 신아빌딩 606호,032-326-2800,국내여행업
55,좋은날여행사,경기도 부천시 상동 ,,국내여행업
56,(주)주신에스알,서울특별시 마포구 대흥동 163-1번지 골드빌딩 1층 ,02-711-5025,국내여행업
57,(주)SR항공여행,"경기도 부천시 소사구 송내동 373번지 대우프라자 108,109호 ",032-556-4114,국내여행업
58,수도고속관광여행사(주),경기도 부천시 소사구 송내동 409번지 ,,국내여행업
59,복사골관광(주),경기도 부천시 심곡동 170-7번지 ,,국외여행업
60,주)월드테마여행사,경기도 부천시 심곡동 122-5번지 ,032-653-4253,국외여행업
61,주)내쇼날항공여행사,경기도 부천시 심곡동 158-2번지 ,,국외여행업
62,(주)세진관광여행사,경기도 부천시 심곡동 171-14번지 ,032-666-9700,국외여행업
63,주)메트로여행사,경기도 부천시 심곡동 190-18번지 ,032-611-1666,국외여행업
64,주)쿨허니문투어,경기도 부천시 심곡동 358-2번지 ,032-661-6626,국외여행업
65,프린스관광(주),경기도 부천시 심곡동 351-39번지 ,032-664-2600,국외여행업
66,(주)오리엔탈여행사,경기도 부천시 심곡동 170-16번지 ,032-667-5555,국외여행업
67,해르바여행사,경기도 부천시 심곡동 139-13번지 ,,국외여행업
68,태영한중여행사,경기도 부천시 소사동 19-15번지 ,032-341-5188,국외여행업
69,주식회사 이지투어,경기도 부천시 심곡동 305-3번지 부천상공회의소 예비창업지원센터 ,070-4203-8599,국외여행업
70,(주)여행콜여행사,경기도 부천시 심곡동 130-6번지 407호,,국외여행업
71,주)맥스여행사,경기도 부천시 역곡동 77-10번지 ,032-349-4242,국외여행업
72,조은여행,경기도 부천시 춘의동 130-11번지 1층 ,032-683-0999,국외여행업
73,그루터기 투어(주),경기도 부천시 역곡동 78-9번지 ,032-343-8111,국외여행업
74,ISK항공여행사,경기도 부천시 상동 449-1번지 동아하이츠빌딩 604호,032-326-6163,국외여행업
75,중신여행사,경기도 부천시 상동 329-4번지 ,,국외여행업
76,위드갓,경기도 부천시 상동 459-2번지 송내프라자 ,070-7552-0036,국외여행업
77,위드탑항공,경기도 부천시 상동 459-2번지 송내프라자 ,,국외여행업
78,주)라파엘여행사,경기도 부천시 중동 1062-1번지 두리 프라자 ,032-329-5511,국외여행업
79,태양항공여행사,경기도 부천시 중동 1148번지 ,032-655-8200,국외여행업
80,(주)하나월드여행사,경기도 부천시 중동 1164번지 현대백화점부천중동점 ,032-623-2805,국외여행업
81,(주)엠투어,경기도 부천시 중동 1056번지 제일프라자 ,,국외여행업
82,(주)소풍여행사,경기도 부천시 중동 1149번지 ,032-322-0025,국외여행업
83,(주)모두항공여행사,경기도 부천시 중동 1059-2번지 홈플러스테스코 ,,국외여행업
84,트래블닷컴,경기도 부천시 중동 1148번지 ,070-7644-0057,국외여행업
85,(주)부천여행사,경기도 부천시 중동 1140-2번지 트리플타워A ,,국외여행업
86,(주)비젼항공투어,"경기도 부천시 중동 1162-1번지 804,5호",,국외여행업
87,프리미엄 품격여행,경기도 부천시 중동 1145-2번지 네이버시티빌딩 ,,국외여행업
88,(주)굿모닝와우투어,경기도 부천시 중동 1148-2번지 중동대우마이빌2 ,,국외여행업
89,하나샘투어,경기도 부천시 중동 1157번지 ,,국외여행업
90,"(주)디에스플래너스, 파란여행사",경기도 부천시 중동 1129번지 이스트타워 원 ,032-224-8525,국외여행업
91,(주)세진투어,경기도 부천시 중동 1140번지 ,,국외여행업
92,초이스투어,경기도 부천시 중동 1141번지 ,,국외여행업
93,(주)비오비스,경기도 부천시 중동 1149-2번지 금광베네스타 ,,국외여행업
94,필통커뮤니케이션즈,경기도 부천시 중동 1141번지 코스모폴리탄 ,,국외여행업
95,마이투어,경기도 부천시 약대동 145-7번지 1층 일부호 ,,국외여행업
96,애플여행사,경기도 부천시 도당동 221-3번지 3층일부호,,국외여행업
97,신신투어,경기도 부천시 중동 1138-1번지 602호,,국외여행업
98,(주)오드투어,경기도 부천시 중동 1106번지 위브더스테이트 101동 2701호,,국외여행업
99,나래트래블,경기도 부천시 중동 1110번지 위브더스테이트 상가5동 208호,032-620-3678,국외여행업
100,루나트립,경기도 부천시 중동 1143-3번지 필타운 ,,국외여행업
101,(주)삼화항공,경기도 부천시 상동 544-1번지 로얄타워 103호 ,032-328-0405,국외여행업
102,두리투어여행사(주),경기도 부천시 상동 544-4번지 가나베스트타운3 501호,032-345-2676,국외여행업
103,CJ항공여행사,경기도 부천시 상동 544-6번지 센타프라자 501호,032-329-6070,국외여행업
104,굿모닝투어(주),경기도 부천시 상동 546-2번지 두성프라자 711호,,국외여행업
105,좋은날 여행사,경기도 부천시 상동 564-12번지 ,032-326-3350,국외여행업
106,(주)베스트트래블,경기도 부천시 상동 539-1번지 부천터미널 소풍1층 ,032-624-7570,국외여행업
107,(주)서빈TSC,경기도 부천시 상동 546-8번지 그린프라자 404호 ,032-249-7389,국외여행업
108,(주)홈플투어,경기도 부천시 상동 540-1번지 홈플러스 부천상동점 3층 ,032-328-9412,국외여행업
109,(주)레알여행,경기도 부천시 상동 534-6번지 214호,,국외여행업
110,해피로드(HAPPY ROAD),경기도 부천시 상동 535-1번지 뱅뱅프라자 209호,032-613-5010,국외여행업
111,(주)미래를 여는 여행사,경기도 부천시 상동 532-16번지 ,032-221-4934,국외여행업
112,(주)고려여행사넷,경기도 부천시 상동 571-1번지 상가동 102호,,국외여행업
113,골드라인여행사,경기도 부천시 상동 617-4번지 대평프라자 109호,032-326-7599,국외여행업
114,(주)지오리소스,경기도 부천시 상동 534-9번지 801호,,국외여행업
115,(주)제이씨투어,경기도 부천시 상동 606-6번지 101호,032-666-3006,국외여행업
116,(주)맘모스투어,경기도 부천시 상동 464번지 1106호,,국외여행업
117,주식회사 타워,경기도 부천시 상동 534-3번지 ,,국외여행업
118,국민레저산업 주식회사,경기도 부천시 상동 548-4번지 208호,,국외여행업
119,부천탑항공,경기도 부천시 상동 538-4번지 상록그린힐빌딩 703호,,국외여행업
120,동남여행사,경기도 부천시 송내동 504번지 105호,032-327-9007,국외여행업
121,(주)여행월드,경기도 부천시 심곡본동 316-2번지 ,032-655-6127,국외여행업
122,대박여행사,경기도 부천시 심곡본동 553-8번지 ,032-653-7778,국외여행업
123,골프몬투어,경기도 부천시 송내동 708-10번지 ,032-653-5938,국외여행업
124,(주)투어엠클럽,경기도 부천시 소사본동 160-11번지 ,,국외여행업
125,원더웍스,경기도 부천시 소사본동 78번지 세영타워메카 ,070-5135-2957,국외여행업
126,힐링트레블,경기도 부천시 여월동 301번지 홈플러스 부천여월점 B1 ,032-679-9150,국외여행업
127,주)미래여행사,경기도 부천시 삼정동 364번지 ,,국외여행업
128,한나여행사,경기도 부천시 원종동 229-9번지 ,032-681-4996,국외여행업
129,정나라투어,경기도 부천시 원종동 229-5번지 ,,국외여행업
130,라온여행사,경기도 부천시 오정동 726번지 ,,국외여행업
131,(주)온세계투어,충청남도 아산시 인주면 걸매리 164번지 ,,국외여행업
132,(주)SR항공여행,경기도 부천시 소사구 송내동 373번지 대우프라자 108동 109호 ,032-556-4114,국외여행업
133,수도고속관광여행사(주),경기도 부천시 소사구 송내동 409번지 ,,국외여행업
134,주식회사 친우여행사,경기도 부천시 심곡동 130-6번지 ,032-662-8206,일반여행업
135,홀리데이투어 주식회사,경기도 부천시 심곡동 130-6번지 화신오피스텔 ,,일반여행업
136,주식회사 트렌디랩,경기도 부천시 심곡동 175-6번지 해태쇼핑 ,,일반여행업
137,케이엠투어(주),경기도 부천시 원미동 177-59번지 ,032-221-4934,일반여행업
138,(주)월드여행사,경기도 부천시 도당동 62-1번지 ,032-668-1400,일반여행업
139,주식회사 번영투어,경기도 부천시 춘의동 144-7번지 3층 일부호,032-666-8888,일반여행업
140,쎈투어(SSEN TOUR),경기도 부천시 중동 808번지 ,070-8179-5280,일반여행업
141,주식회사 굿포유투어,경기도 부천시 상동 463번지 301호,032-323-5252,일반여행업
142,(주)퍼스트산업개발,경기도 부천시 상동 449-1번지 동아하이츠빌딩 ,,일반여행업
143,주식회사 세윤,경기도 부천시 상동 439-1번지 ,,일반여행업
144,(주)레지오여행사,경기도 부천시 중동 1156번지 부천시청 ,032-329-2560,일반여행업
145,주식회사 마이러브골프,경기도 부천시 중동 1131-1번지 중동 아크로텔 ,,일반여행업
146,주식회사 시원국제,경기도 부천시 중동 1141-5번지 ,,일반여행업
147,형제케이팝,경기도 부천시 중동 1130-14번지 3층 10-2호,,일반여행업
148,코린트래블,경기도 부천시 중동 1138번지 A32호,,일반여행업
149,(주)세명투어,경기도 부천시 중동 1160-3번지 필레오트윈파크2동 ,,일반여행업
150,자스민투어,경기도 부천시 중동 1130-14번지 ,,일반여행업
151,아이오티오 주식회사,경기도 부천시 상동 548-4번지 915호,,일반여행업
152,(주)유럽소풍,경기도 부천시 상동 536-4번지 한솔프라자 405-8호,,일반여행업
153,(주)오썸투어,경기도 부천시 상동 464번지 루치올라빌딩 1003호,,일반여행업
154,(주)백두항공여행사,경기도 부천시 상동 535-1번지 뱅뱅프라자 209호,032-668-5600,일반여행업
155,(주)씨피엔,경기도 부천시 상동 403번지 서진프라자 지202호,,일반여행업
156,(주)코맷시티펀딩,경기도 부천시 상동 541-1번지 메가플러스빌딩 820호,032-321-3121,일반여행업
157,(주)대한민국여행사,경기도 부천시 송내동 315-1번지 ,032-326-0405,일반여행업
158,나래여행사,경기도 부천시 심곡본동 539-9번지 ,032-665-6585,일반여행업
159,(주)에이스국제여행사,경기도 부천시 심곡본동 668-3번지 ,,일반여행업
160,한마음국제여행사,경기도 부천시 심곡본동 553-1번지 ,,일반여행업
161,더바이크,경기도 부천시 송내동 600-6번지 ,032-322-3379,일반여행업
162,캐리어스 투어,경기도 부천시 송내동 396-4번지 ,,일반여행업
163,주식회사 뷰티코리아국제여행사,경기도 부천시 괴안동 127-2번지 위드프러스타워 ,,일반여행업
164,(주)넷버스여행사,경기도 부천시 범박동 155-2번지 ,032-665-2222,일반여행업
165,(주)운남서울국제여행사,경기도 부천시 괴안동 113-6번지 우남타워 ,,일반여행업
166,쿠디코리아,경기도 부천시 삼정동 308번지 2층 ,02-2606-7666,일반여행업
