연번,업종,상호,시설주소(도로명),시설전화번호
1,수영장업,반석수영장,경기도 부천시 계남로 106-1 (중동),032-325-6080
2,수영장업,부천YMCA,경기도 부천시 석천로169번길 42 (중동),032-325-3100
3,수영장업,아쿠아마린키즈스윔 부천점,"경기도 부천시 길주로 246, 부천중동리슈빌엔클래스 지하1층 101호 (중동)",032-322-5444
4,수영장업,블루마린,"경기도 부천시 중동로 168, B06,B08호 (중동, 복사골건영2차상가)",032-666-7977
5,체육도장업,용인대석사한가림태권도장,"경기도 부천시 조마루로 233, 동성상가동 302호 (중동, 미리내마을)",032-322-1109
6,체육도장업,올림픽태권도장,"경기도 부천시 중동로 326, 단지내상가동 302호 (중동)",032-325-5900
7,체육도장업,중흥다윗태권도장,"경기도 부천시 계남로 208, 402호 (중동)",032-323-6588
8,체육도장업,경희태권도체육관,"경기도 부천시 조마루로 137, 3층 (중동, 포도마을 상가동)",032-324-5955
9,체육도장업,미리내 천마 태권도,"경기도 부천시 소향로 228, 201호 (중동, 한신한양금호상가)",032-325-2420
10,체육도장업,용인대금성태권도장,"경기도 부천시 옥산로 81, 2층 (중동)",032-612-0027
11,체육도장업,K.T.M 차오름 태권도장,"경기도 부천시 중동로 329, 덕유마을 상가 지층호 (중동)",
12,체육도장업,신한체육관,"경기도 부천시 평천로696번길 5, 2층 (약대동)",032-676-3050
13,체육도장업,검도스쿨중동점,"경기도 부천시 길주로 273, 605~606호 (중동)",032-322-1331
14,체육도장업,예스복싱클럽,"경기도 부천시 길주로 315, 701~702호 (중동, 뉴월드타워)",032-321-8820
15,체육도장업,경희태권도,"경기도 부천시 조마루로285번길 50, 404호 (중동)",032-327-5688
16,체육도장업,고려태권도,"경기도 부천시 평천로 708, 6층 (약대동)",032-672-1780
17,체육도장업,중동정도태권도장,"경기도 부천시 석천로 107, 상가동 301~302호 (중동, 보람마을 동남아파트)",032-325-8535
18,체육도장업,태비태권도,"경기도 부천시 계남로 104, 지하1층 (중동)",032-324-9047
19,체육도장업,고려라온태권도,"경기도 부천시 부흥로 133, 301호 (중동)",
20,체육도장업,경희대석사비룡태권도장,"경기도 부천시 중동로 168, 404호 (중동)",
21,체육도장업,JWC영어태권도장,"경기도 부천시 길주로 219, 406호 (중동, 드림빌딩)",
22,체육도장업,부천태권도,"경기도 부천시 계남로 127, 302호 (중동)",032-325-9697
23,체육도장업,K.O GYM,"경기도 부천시 중동로254번길 104, 호정프라자 302호 (중동)",
24,체육도장업,용인대S&S태권도장,"경기도 부천시 도약로 112, 101호 (중동, 왕성빌딩)",032-327-3315
25,체육도장업,위브꿈나무태권도,"경기도 부천시 도약로 207, 비동 2층 (약대동)",
26,체육도장업,용인대황룡태권도,"경기도 부천시 계남로 165, 상가동 지층 1호 (중동, 은하마을주공아파트)",
27,체육도장업,고수회하람태권도장,"경기도 부천시 중동로248번길 52, 504호 (중동)",032-324-3223
28,체육도장업,부천한국체대입시,"경기도 부천시 길주로 246, B102호 (중동)",032-327-8663
29,체육도장업,하루태권도장,"경기도 부천시 조마루로 246, 상가 301~302호 (중동)",
30,체육도장업,중동 용인대 태권도,"경기도 부천시 부흥로 256, 5층 502,503호 (중동, 계남아카데미빌딩)",032-611-6479
31,체육도장업,용인대 큰나라 태권도,"경기도 부천시 계남로 202, 지층1호 (중동)",032-321-4665
32,체육도장업,팀태권도,"경기도 부천시 계남로 257, 2층 (중동, 동진빌딩)",
33,체육도장업,김진호복싱,"경기도 부천시 석천로169번길 30, 303호 (중동)",032-323-5858
34,체육도장업,슈퍼아이태권도장,"경기도 부천시 옥산로 71, 201, 203호 (중동, 꿈마을상가)",032-322-2275
35,체육도장업,엠에스24짐,"경기도 부천시 길주로 189, 지하층 101일부호 (중동, 우신빌딩)",
36,체육도장업,버팔로복싱짐,"경기도 부천시 중동로254번길 69, 301,302호 (중동, 뉴월드프라자)",032-329-1212
37,체육도장업,SP복싱무브먼트,"경기도 부천시 석천로184번길 28, 302호 (중동)",032-328-0887
38,체육도장업,부천신중동유도관,"경기도 부천시 도약로 213, 지하1층 (약대동)",
39,체육도장업,K브레인태권도장,"경기도 부천시 평천로 679, 119동 203호 (약대동)",
40,체육도장업,용인대하이유도관,"경기도 부천시 조마루로285번길 60, 상지프라자 4층 405호 (중동)",
41,체육도장업,태아연 진스태권도장,"경기도 부천시 신흥로 150, 위브더스테이트 상가7동 114호 (중동)",032-208-9172
42,체육도장업,GP주짓수멀티짐,"경기도 부천시 길주로 243, 제일프라자 3층 303호 (중동)",
43,골프연습장업,스마일골프,"경기도 부천시 조마루로285번길 50, 골드존타워 801호 (중동)",032-324-2232
44,골프연습장업,일신스크린골프,"경기도 부천시 소향로 131, 지층 (중동, 일신빌딩)",032-328-1118
45,골프연습장업,스카이골프클럽,"경기도 부천시 중동로248번길 86, 6층 (중동, 탑프라자)",
46,골프연습장업,중동드림스크린골프,"경기도 부천시 조마루로291번길 25, 304~309호 (중동, 센타프라자)",032-324-8060
47,골프연습장업,예스골프,"경기도 부천시 석천로169번길 30, 701호 (중동)",
48,골프연습장업,해원골프연습장,"경기도 부천시 중동로248번길 33, 601호 (중동, 신풍프라자)",
49,골프연습장업,애플스크린골프,"경기도 부천시 중동로 244, 305호 (중동, 상록센트럴타워)",032-328-8585
50,골프연습장업,골프튠 아카데미,"경기도 부천시 중동로248번길 105, 조이럭타운 304호 (중동)",
51,골프연습장업,홀인원골프연습장,"경기도 부천시 부흥로303번길 56, 701호 (중동, 우성프라자)",032-329-5858
52,골프연습장업,베스트스크린골프존,"경기도 부천시 소향로 233, 3층 (중동)",032-351-3373
53,골프연습장업,Lee & Park 골프아카데미,"경기도 부천시 중동로 185, 지하1층 (중동)",032-322-7177
54,골프연습장업,SG골프도우스크린,"경기도 부천시 길주로 307, 702호 (중동)",032-327-3210
55,골프연습장업,골프존파크,"경기도 부천시 길주로 227, 6층 1호 (중동, 성원빌딩)",
56,골프연습장업,일호실내골프연습장,"경기도 부천시 신흥로 270, 일양빌딩 지하1층 (중동)",032-321-1149
57,골프연습장업,이존스크린골프,"경기도 부천시 부흥로303번길 8, 701호 (중동, 청원프라자)",032-321-0753
58,골프연습장업,OK스크린골프존,"경기도 부천시 부흥로315번길 58, 201호 (중동)",
59,골프연습장업,중동스크린골프존,"경기도 부천시 중동로254번길 90, 지하1층 B101~B103호 (중동, 중동파크타운)",032-329-2111
60,골프연습장업,VIP스크린골프,"경기도 부천시 길주로 272, 코스모폴리탄 204,205호 (중동)",
61,골프연습장업,터짐,"경기도 부천시 석천로 171, 701호 (중동)",
62,골프연습장업,드림골프스크린,"경기도 부천시 길주로 221, 씨티오피스 504,506호 (중동)",032-325-0754
63,골프연습장업,IMG헬스골프스쿼시스피닝,"경기도 부천시 길주로 280, 지층 101일부호 (중동, 롯데시네마)",032-323-2889
64,골프연습장업,지인스크린골프존,"경기도 부천시 길주로 275, 501,511호 (중동)",032-325-9538
65,골프연습장업,리첸시아피트니스,"경기도 부천시 옥산로 7, B111(일부)호 (중동, 리첸시아중동)",032-661-2993
66,골프연습장업,J스크린골프존,"경기도 부천시 길주로 181, 401호 (중동, 골든벨타워)",032-323-1872
67,골프연습장업,(주)타이거알유(중동점),"경기도 부천시 소향로 101, 4층 (중동)",032-327-6655
68,체력단련장업,고투(GOTO) 중동,"경기도 부천시 중동로 244, 401호 (중동, 상록센트럴타워)",
69,체력단련장업,주식회사 바디채널,"경기도 부천시 중동로248번길 52, 네이버시티빌딩 801호 (중동)",032-325-4348
70,체력단련장업,원바디짐,"경기도 부천시 신흥로 250, 5층 (중동, 함천빌딩)",032-322-7995
71,체력단련장업,터짐,"경기도 부천시 석천로 171, 701호 (중동)",
72,체력단련장업,스퍼스짐,"경기도 부천시 중동로254번길 19, 201,202호 (중동, 형신프라자)",
73,체력단련장업,IMG헬스골프스쿼시스피닝,"경기도 부천시 길주로 280, 지층 101일부호 (중동, 롯데시네마)",032-323-2889
74,체력단련장업,리첸시아피트니스,"경기도 부천시 옥산로 7, B111(일부)호 (중동, 리첸시아중동)",032-661-2993
75,체력단련장업,크리스짐,"경기도 부천시 조마루로285번길 60, 401,402호 (중동, 상지프라자)",032-326-4880
76,체력단련장업,이케이짐,"경기도 부천시 석천로177번길 39, 701,703호 (중동)",032-328-0415
77,체력단련장업,스포애니 신중동점,"경기도 부천시 신흥로 169, 5층 (중동, 미림프라자오피스텔)",032-322-5508
78,체력단련장업,(주)타이거알유(중동점),"경기도 부천시 소향로 101, 3층 (중동)",032-327-6655
79,체력단련장업,R2G CrossFit,"경기도 부천시 중동로 256, 지하1층 (중동, 삼성프라자)",
80,체력단련장업,더스토리짐,"경기도 부천시 길주로 237, 4층 406호 (중동, 중동메디칼)",1644-5385
81,체력단련장업,(주)스포애니부천시청역,"경기도 부천시 길주로 227, 5층 (중동, 성원빌딩)",032-325-3374
82,체력단련장업,아르바임,"경기도 부천시 중동로248번길 31, 402호 (중동, 이스트타워 투)",
83,체력단련장업,빠짐빠짐,"경기도 부천시 중동로254번길 43, 3층 (중동)",032-326-9050
84,체력단련장업,웰헬스,"경기도 부천시 신흥로 285, 2층 (중동)",
85,체력단련장업,비비필라앤피티,"경기도 부천시 길주로 199, 506호 (중동, 굿모닝프라자)",
86,체력단련장업,예뻐짐,"경기도 부천시 석천로169번길 30, 502-1호 (중동, 새롬프라자)",032-328-3939
87,체력단련장업,터짐,"경기도 부천시 길주로 183, 지하층 B101호 (중동, 영라이프빌딩)",032-322-3219
88,체력단련장업,에스엠스포츠과학센터,"경기도 부천시 부흥로307번길 23, 502호 (중동, 태정빌딩)",
89,체력단련장업,포에버핏,"경기도 부천시 길주로 276, 303호 (중동)",032-255-1778
90,체력단련장업,라이츠(Lights) 스포츠재활 스튜디오,"경기도 부천시 신흥로 170-1, 상가6동 314호 (중동)",
91,체력단련장업,청년피티 중동점,"경기도 부천시 부흥로315번길 58, 502호 (중동)",
92,체력단련장업,Justin gym(저스틴짐),"경기도 부천시 중동로248번길 31, 이스트타워 투 202호 (중동)",
93,체력단련장업,르미핏,"경기도 부천시 길주로 284, 신중동역 헤리움 메트로 316호 (중동)",
94,체력단련장업,K.O GYM,"경기도 부천시 중동로254번길 104, 호정프라자 303호 일부호 (중동)",032-220-9033
95,체력단련장업,행짐,"경기도 부천시 길주로 288, 다운타운 407호 (중동)",
96,당구장업,하마당구장,"경기도 부천시 수도로74번길 7, 3층 (도당동)",
97,당구장업,씨티당구장,"경기도 부천시 중동로 258, 금강프라자 3층 (중동)",032-321-3939
98,당구장업,캐슬당구장,"경기도 부천시 부흥로307번길 52, 2층 (중동)",
99,당구장업,더샵당구장,"경기도 부천시 석천로183번길 27, 지하1층 (중동)",032-323-3919
100,당구장업,당구야놀자,"경기도 부천시 조마루로291번길 26, 301~302호 (중동, 신영프라자)",
101,당구장업,K2 당구장,"경기도 부천시 중동로262번길 54, 201~202호 (중동, 현대프라자)",032-322-0311
102,당구장업,케롬클럽 당구장,"경기도 부천시 석천로177번길 16, 현대프라자 지하1층 (중동)",
103,당구장업,고고당구장,"경기도 부천시 석천로183번길 11, 조유빌딩 3층 (중동)",032-326-4939
104,당구장업,프로24당구클럽,"경기도 부천시 부흥로315번길 61, 201~202호 (중동)",032-328-3780
105,당구장업,럭셔리당구장,"경기도 부천시 중동로248번길 105, 204호 (중동, 조이럭타운)",
106,당구장업,영은 당구장,"경기도 부천시 평천로 708, 2층 (약대동)",
107,당구장업,헐리우드 당구장,"경기도 부천시 부흥로307번길 64, 2층 (중동)",032-329-8586
108,당구장업,달당구장,"경기도 부천시 중동로254번길 36, 201호,202호 (중동)",
109,당구장업,캐롬스쿨,"경기도 부천시 조마루로285번길 50, 502호 (중동, 골드존타워)",032-329-1107
110,당구장업,프로 당구장,"경기도 부천시 조마루로291번길 9, 501~503호 (중동)",
111,당구장업,빅볼,"경기도 부천시 석천로178번길 7, 201호 (중동, 우곡프라자)",
112,당구장업,오페라 당구클럽,"경기도 부천시 중동로262번길 62, 201호 (중동, 황금프라자)",
113,당구장업,Y.B당구클럽,"경기도 부천시 석천로177번길 29, 601~602호 (중동, 뉴월드프라자)",
114,당구장업,O.K 당구클럽,"경기도 부천시 소향로 248, 301호 (중동)",
115,당구장업,필당구장,"경기도 부천시 중동로262번길 84, 201~202호 (중동, 한라프라자)",
116,당구장업,마이큐당구장,"경기도 부천시 중동로254번길 87, 지하1층 (중동)",
117,당구장업,디지털당구장,"경기도 부천시 중동로254번길 63, 201~202호 (중동, 두용빌딩)",032-525-4939
118,당구장업,청솔당구장,"경기도 부천시 석천로268번길 28, 지하1층 (중동)",032-679-0979
119,당구장업,큐 당구클럽,"경기도 부천시 석천로178번길 21, 201호 (중동)",032-327-2924
120,당구장업,빅박스당구장,"경기도 부천시 중동로254번길 64, 신일아르디세 206호일부, 207호 (중동)",
121,당구장업,수당구장,"경기도 부천시 소향로253번길 17, 301~302호 (중동, 충도프라자)",
122,당구장업,시스템당구클럽,"경기도 부천시 중동로254번길 41, 201,202호 (중동)",
123,당구장업,일호당구장,"경기도 부천시 신흥로 270, 일양빌딩 지하1층 (중동)",032-321-1149
124,당구장업,아지트 당구장,"경기도 부천시 중동로262번길 14, 3층 (중동)",
125,당구장업,정 당구클럽,"경기도 부천시 중동로248번길 119, 양지프라자 201호 (중동)",
126,당구장업,약대당구장,"경기도 부천시 중동로 384, 2층 (약대동)",032-246-3949
127,당구장업,쵸커스,"경기도 부천시 석천로177번길 42, 301,302호 (중동)",
128,당구장업,한게임당구장,"경기도 부천시 중동로248번길 31, 302호 일부 (중동)",
129,당구장업,노블빌리어즈클럽,"경기도 부천시 신흥로 347, 기업은행도당동지점 지하1층 (도당동)",032-677-0707
130,당구장업,시계탑당구클럽,"경기도 부천시 조마루로297번길 25, 삼화빌딩 301~302호 (중동)",
131,종합체육시설업,(주)더블유휘트니스,"경기도 부천시 신흥로 190-1, 상가2동 B101호 (중동, 위브터스테이트)",
132,체육도장업,삼손태권도,"경기도 부천시 성주로 256, 2층 (심곡본동)",032-611-1181
133,체육도장업,다온 태권도,"경기도 부천시 성주로 84, 현대아파트종합상가 401호 (송내동)",
134,체육도장업,태풍체육관,경기도 부천시 경인로216번길 47 (심곡본동),032-666-4936
135,체육도장업,홍익태권도,경기도 부천시 경인로134번길 34 (송내동),032-651-1034
136,체육도장업,BEST태권도장,"경기도 부천시 성주로 120, 3층 (송내동)",032-654-5575
137,체육도장업,가온태권도장,"경기도 부천시 중동로 64, 103,104호 (송내동, 중동역푸르지오아파트)",032-664-4745
138,체육도장업,경희대 펀 태권도,"경기도 부천시 중동로71번길 43, 부천스포츠센터 (송내동)",032-666-7653
139,체육도장업,경희대 효(孝) 태권도장,"경기도 부천시 중동로 48, 대우프라자 604호 (송내동)",032-661-0013
140,체육도장업,부천풍산복싱체육관,"경기도 부천시 경인로 183, 6층 (심곡본동)",
141,체육도장업,한양태권도체육관,경기도 부천시 성주로 125-1 (송내동),032-656-8630
142,체육도장업,연세대꿈나무태권도장,"경기도 부천시 성주로200번길 19, 아람빌딩 (심곡본동)",032-662-4947
143,체육도장업,도원태권도체육관,"경기도 부천시 심곡로77번길 5, 2층 (심곡본동)",032-656-0011
144,체육도장업,키즈펀태권도,"경기도 부천시 경인로53번길 42, 301호 (송내동)",032-665-8004
145,체육도장업,용인대송일백호태권도장,경기도 부천시 경인로60번길 20 (송내동),032-614-1005
146,체육도장업,부천정도태권도,경기도 부천시 성주로68번가길 4 (송내동),032-651-2923
147,체육도장업,명문 태권도장,경기도 부천시 성주로 109 (송내동),032-655-5423
148,체육도장업,데일리짐복싱,경기도 부천시 중동로 48 (송내동),032-668-7100
149,체육도장업,SN boxing GYM,경기도 부천시 경인로 11 (송내동),
150,체육도장업,파이널 유도 멀티짐,"경기도 부천시 경인로 132, 4층 (송내동)",
151,체육도장업,예성태권도장,"경기도 부천시 성주로 224, 206호 (심곡본동)",
152,체육도장업,삼손태권도,"경기도 부천시 경인로234번길 41, 3층 (심곡본동)",
153,골프연습장업,골프투어,"경기도 부천시 경인로 110, 이룸빌딩 4층 (송내동)",032-664-1988
154,골프연습장업,수 스크린골프존,"경기도 부천시 경인로 42, 3층 (송내동)",032-612-4800
155,골프연습장업,준골프존,"경기도 부천시 경인로 101, 6층 601,602,603호 (송내동, 호암프라자)",032-657-8855
156,골프연습장업,영골프클럽,경기도 부천시 경인로 125 (송내동),
157,골프연습장업,영 골프 스크린,경기도 부천시 경인로 125 (송내동),
158,골프연습장업,지스윙스크린골프연습장,"경기도 부천시 경인로 101, 5층 (송내동, 호암프라자)",032-655-8854
159,체력단련장업,와이짐,"경기도 부천시 성주로 86-10, 유진프라자 201,202호 (송내동)",032-655-5959
160,체력단련장업,바디채널FIT,경기도 부천시 심곡로9번길 47 (심곡본동),032-614-4459
161,체력단련장업,라이프존 휘트니스,"경기도 부천시 성주로 224, 3층 (심곡본동)",032-668-0023
162,체력단련장업,영 PT샵,경기도 부천시 경인로 125 (송내동),
163,체력단련장업,데일리짐,경기도 부천시 중동로 48 (송내동),032-668-7100
164,체력단련장업,GYM-S,"경기도 부천시 송내대로 37, 5층 (송내동, 라라스타찌오네)",032-654-2040
165,체력단련장업,스포타임 휘트니스,"경기도 부천시 경인로 203, 10층 (심곡본동, 서전빌딩)",
166,체력단련장업,스포애니 부천심곡점,"경기도 부천시 경인로 175, 2층 (심곡본동, KCC엠파이어타워)",032-662-9618
167,체력단련장업,S맞춤운동센터,"경기도 부천시 경인로1185번길 71-13, 1층 (송내동)",
168,체력단련장업,HANJO BODY GYM,"경기도 부천시 경인로 110-1, 4층 (송내동)",
169,체력단련장업,비타민휘트니스,"경기도 부천시 경인로216번길 27, 나노테마타운 4층 (심곡본동)",032-668-4666
170,당구장업,P.G.A당구장,"경기도 부천시 경인로234번길 13, 3층 (심곡본동)",032-653-6287
171,당구장업,세븐당구장,경기도 부천시 경인로 51-1 (송내동),
172,당구장업,탑당구클럽,"경기도 부천시 성주로200번길 19, 아람빌딩 지1층 (심곡본동)",032-655-0772
173,당구장업,동성당구장,경기도 부천시 경인로150번길 17 (송내동),032-655-5988
174,당구장업,SBS당구장,"경기도 부천시 경인로 194, 3층 (심곡본동)",070-4641-4039
175,당구장업,킹당구장,경기도 부천시 심곡로9번길 32 (심곡본동),
176,당구장업,호동당구장,경기도 부천시 경인로 37 (송내동),
177,당구장업,VIP당구클럽,"경기도 부천시 송내대로 31, 4층 (송내동)",
178,당구장업,테마당구클럽,"경기도 부천시 경인로216번길 7, 2층 (심곡본동)",
179,당구장업,로또당구장,"경기도 부천시 경인로216번길 78, 3층 (심곡본동)",032-654-5354
180,당구장업,빅박스당구장,"경기도 부천시 심곡로15번길 27, 2층 (심곡본동)",032-653-7417
181,당구장업,준 당구장,"경기도 부천시 경인로 190, 404호 (심곡본동, 부천라비앙로제)",032-657-0321
182,당구장업,대성당구클럽,"경기도 부천시 송내대로30번길 74, 3층 (송내동)",032-655-6940
183,당구장업,매니아당구장,"경기도 부천시 경인로 253, 데카에셋빌딩 803호 (심곡본동)",
184,당구장업,금복당구클럽,경기도 부천시 중동로 65 (송내동),
185,당구장업,프로당구클럽,"경기도 부천시 경인로 200-11, 3층 (심곡본동)",
186,당구장업,프로당구클럽,"경기도 부천시 송내대로 35, 3층 (송내동)",032-655-0309
187,당구장업,모아당구클럽,경기도 부천시 심곡로9번길 40 (심곡본동),
188,당구장업,로얄당구클럽,"경기도 부천시 경인로234번길 7, 301호 (심곡본동)",070-7370-7259
189,당구장업,명성당구장,"경기도 부천시 심곡로 41, 2층 (심곡본동)",
190,당구장업,진빌당구클럽,"경기도 부천시 송내대로42번길 20, 2층 (송내동)",
191,당구장업,빌럽당구클럽,"경기도 부천시 경인로194번길 11, 2층 (심곡본동)",
192,당구장업,크라운당구장,"경기도 부천시 성주로269번길 23, 3층 (심곡본동)",
193,당구장업,SJ빌리어드,"경기도 부천시 경인로29번길 41, 3층 (송내동)",
194,당구장업,까치당구장,"경기도 부천시 심곡로 54, 2층 (심곡본동)",
195,당구장업,KB당구장,"경기도 부천시 중동로 36, 샬롬빌딩 2층 (송내동)",
196,당구장업,B&B당구클럽,"경기도 부천시 중동로 71, 3층 (송내동)",
197,당구장업,J당구클럽,"경기도 부천시 경인로 132, 2층 (송내동)",
198,무도학원업,스포츠무도학원,경기도 부천시 경인로 255-1 (심곡본동),032-662-4805
199,종합체육시설업,부천스포츠센터,경기도 부천시 중동로71번길 43 (송내동),032-661-3114
200,수영장업,아쿠아마린키즈스윔(소사점),"경기도 부천시 범안로 54, 지층 101호 (괴안동)",032-345-9223
201,체육도장업,경희 왕호태권도장,"경기도 부천시 부광로 56, 양지프라자 2층 (괴안동)",
202,체육도장업,부안 태권도장,경기도 부천시 경인로484번길 82 (괴안동),032-343-2547
203,체육도장업,새나라태권도장,"경기도 부천시 범안로 118 (범박동,영프러스4층)",
204,체육도장업,즐거운태권도,"경기도 부천시 소안로 20 (괴안동,2층)",032-348-8111
205,체육도장업,신정태권도장,"경기도 부천시 안곡로 3 (괴안동,5층)",
206,체육도장업,대한검도 소사관,"경기도 부천시 옥길로 110-11, 801~2호 (옥길동)",
207,체육도장업,부천현대체육관,"경기도 부천시 범안로 81, 301호(범박동)",032-343-8177
208,체육도장업,강석태권도전문교육관,"경기도 부천시 범안로 130-21, 상가동 302호 (범박동, 현대홈타운)",
209,체육도장업,베스트 스포츠 클럽,"경기도 부천시 범안로 133 (범박동,보람월드프라자 5층)",032-347-8860
210,체육도장업,역곡 백호 태권도장,"경기도 부천시 부광로 23, 3층 (괴안동)",032-345-2474
211,체육도장업,탑 태권도장,"경기도 부천시 부광로 40, 201호 (괴안동, 노블하우스)",
212,체육도장업,부천유도체육관,"경기도 부천시 경인로 490 (괴안동,3층)",032-349-6556
213,체육도장업,K용인대태권도장,"경기도 부천시 안곡로 37, 2층 (괴안동)",032-345-4776
214,체육도장업,안래기 복싱클럽,경기도 부천시 범안로 60 (괴안동),032-346-7575
215,체육도장업,BEAT복싱 역곡관,"경기도 부천시 경인로536번길 49, 2층 (괴안동)",032-341-5883
216,체육도장업,용인대석사베스트태권도장,"경기도 부천시 범안로96번길 29, 상가동 301호 (범박동, 현대홈타운)",032-347-8782
217,체육도장업,MTA 태권도장,"경기도 부천시 옥길로 121, 6층 601,602,603호 (옥길동, 씨티프라자)",032-346-0010
218,체육도장업,용인대 인성 태권도,"경기도 부천시 옥길로 110-19, 6층 (옥길동, ES타워)",032-341-8855
219,체육도장업,경희대석사 슈퍼키즈 태권도장,"경기도 부천시 양지로 234-9, 2층 (옥길동, 제이드카운티 2단지)",
220,체육도장업,용인대 금메달 브레인 태권도장,"경기도 부천시 범안로 221, 헤리움타운 207호 (옥길동)",
221,체육도장업,용인대 NO.1 태권도,"경기도 부천시 범안로 231-15, 6층 601호 (옥길동)",032-347-8787
222,체육도장업,엘리트 합기도특공무술&태권도,"경기도 부천시 옥길로 113, 상림프라자 602,603호 (옥길동)",032-343-6859
223,체육도장업,부천 캡틴코리아 태권도장,"경기도 부천시 옥길로 123, 센타프라자 6층 (옥길동)",032-345-1682
224,체육도장업,항동 태권도,"경기도 부천시 옥길로 171, 1층 (옥길동)",
225,골프연습장업,티샷골프아카데미,"경기도 부천시 범안로 117  (범박동,리치모아상가 702, 703호)",032-344-8520
226,골프연습장업,하이뷰스크린골프,"경기도 부천시 경인로 505 (괴안동,역곡하이뷰 5층)",032-348-0755
227,골프연습장업,언더파 스크린골프,"경기도 부천시 경인로 522, 지층 (괴안동, 위드프러스타워)",032-345-0202
228,골프연습장업,비전SG스크린골프,"경기도 부천시 옥길로 110-25, 402,403,404호 (옥길동)",032-345-1279
229,골프연습장업,SKY스크린골프,"경기도 부천시 양지로 208, 지음프라자 1001~1003호 (옥길동)",032-207-7979
230,골프연습장업,에이스골프존파크 옥길중심타운점,"경기도 부천시 옥길로 110-11, 오엔에스골드타워 1001~1007호 (옥길동)",032-342-0753
231,체력단련장업,유휘트니스,경기도 부천시 경인로 573 (괴안동),032-346-0623
232,체력단련장업,바디채널 역곡점,"경기도 부천시 경인로 505, 201,202,209,210호 (괴안동, 역곡하이뷰)",
233,체력단련장업,I GYM,"경기도 부천시 경인로 511, 9층 901호 (괴안동)",032-344-7888
234,체력단련장업,현대 휘트니스,경기도 부천시 범안로 117 (범박동),032-344-1513
235,체력단련장업,RAD,"경기도 부천시 경인로 520, 7층 (괴안동)",032-346-8296
236,체력단련장업,세븐짐,경기도 부천시 양지로92번길 9-3 (범박동),032-343-3777
237,체력단련장업,크로스핏 킹콩,"경기도 부천시 부광로 12, B1호 (괴안동)",
238,체력단련장업,우리동네 휘트니스,"경기도 부천시 경인로 522, 2층 (괴안동, 위드프러스타워)",032-345-8301
239,체력단련장업,마이짐,"경기도 부천시 양지로176번길 8-3, 2층 201호 (옥길동)",
240,체력단련장업,래드짐,"경기도 부천시 옥길로 110-19, 5층 (옥길동)",
241,체력단련장업,바디킴 GYM,"경기도 부천시 소안로 24, 3층 (괴안동)",
242,체력단련장업,핏블리,"경기도 부천시 경인로 540, 엘림프라자 7층 (괴안동)",
243,당구장업,유한당구장,"경기도 부천시 경인로587번길 18-17 (괴안동,3층1,2호)",
244,당구장업,선당구클럽,경기도 부천시 부광로 7  (괴안동),032-348-5808
245,당구장업,비트당구장,경기도 부천시 경인로 583 (괴안동),
246,당구장업,큐당구장,"경기도 부천시 범안로 32 (괴안동,3층)",
247,당구장업,남부당구장,경기도 부천시 경인로498번길 9  (괴안동),032-343-2546
248,당구장업,나비당구클럽,경기도 부천시 범안로 50 (괴안동),032-328-7669
249,당구장업,하이뷰당구클럽,"경기도 부천시 경인로 505 (괴안동,3층)",
250,당구장업,당구마을,경기도 부천시 범안로 54(괴안동),
251,당구장업,CLUB2000 당구장,"경기도 부천시 범안로 55,  203,204호 (괴안동,2층)",032-341-2280
252,당구장업,월드당구클럽,"경기도 부천시 부광로8번길 26  (괴안동,미성주상복합 2층)",032-351-0909
253,당구장업,범박당구클럽,"경기도 부천시 범안로 60, 301호 (괴안동)",
254,당구장업,SM당구장,"경기도 부천시 경인로 509, 501호 (괴안동, 우남타워)",
255,당구장업,백도당구장,경기도 부천시 경인옛로 118 (괴안동),
256,당구장업,옥길당구클럽,"경기도 부천시 옥길로 110-25, 303호 (옥길동)",
257,당구장업,SBS스포츠당구클럽,"경기도 부천시 범안로 42, 승보프라자 301호 (괴안동)",
258,당구장업,태극 빌리어드,"경기도 부천시 경인로 477, 원진빌딩 201호 (괴안동)",
259,당구장업,우정 당구클럽,"경기도 부천시 양지로92번길 9-3, 203호 (범박동)",
260,무도학원업,역삼무도학원,경기도 부천시 경인로 502 (괴안동),032-351-8814
261,체육도장업,신흥태권도장,"경기도 부천시 옥산로138번길 30,  (춘의동, 광성)",032-679-3212
262,체육도장업,용인대 석사 한별태권도장,"경기도 부천시 부일로763번길 47,  (역곡동)",032-342-5530
263,체육도장업,경희대국제체육관,"경기도 부천시 계남로301번길 51,  (춘의동, 춘의동우민늘사랑)",032-676-1388
264,체육도장업,용인대 국가대표 부부 태권도장,"경기도 부천시 삼작로 289,  (도당동)",032-682-0514
265,체육도장업,왕호체육관,"경기도 부천시 지봉로115번길 6, 열린치과  (역곡동)",032-342-0146
266,체육도장업,원미정도태권도장,"경기도 부천시 원미로 176,  (원미동)",032-668-7557
267,체육도장업,경희대힘찬태권도장,"경기도 부천시 수도로 190,  (도당동)",032-675-3406
268,체육도장업,석사 경희대 한미 태권도장,"경기도 부천시 지봉로 100,  (역곡동)",032-348-7650
269,체육도장업,경희대 참 태권도장,"경기도 부천시 지봉로143번길 5,  (역곡동, 대림)",032-351-5330
270,체육도장업,용인대 국가대표 태권도,"경기도 부천시 삼작로256번길 11-22, 2, (도당동)",032-682-9424
271,체육도장업,동곡태권도전문체육관,"경기도 부천시 안곡로 247,  (역곡동)",032-343-5444
272,체육도장업,용인대신라태권스쿨,"경기도 부천시 조종로 13, 3(일부)층 (원미동)",032-653-0820
273,체육도장업,레드복싱클럽,"경기도 부천시 부일로 719,  (역곡동)",032-344-3112
274,체육도장업,김지호 복싱 다이어트,"경기도 부천시 부천로 235,  (춘의동, 형제)",032-321-8820
275,체육도장업,경희대대한태권도장,"경기도 부천시 원미로144번길 45,  (원미동, 두산)",032-613-7942
276,체육도장업,우슈격투기비호관,"경기도 부천시 옥산로 138,  (춘의동)",032-677-5504
277,체육도장업,고리울태권도장,"경기도 부천시 부천로167번길 23,  (춘의동)",032-679-1616
278,체육도장업,한양대유신태권도체육관,"경기도 부천시 삼작로 287,  (도당동)",032-677-8082
279,체육도장업,역곡태권도,"경기도 부천시 지봉로 48,  (역곡동, 거남)",032-342-1236
280,체육도장업,라온태권도장,"경기도 부천시 원미로 130, 순복음성광교회 2, (원미동)",032-677-8550
281,체육도장업,용인대 도당 유도 체육관,"경기도 부천시 삼작로 270, 청오  (도당동)",
282,체육도장업,역곡트라이스톤,"경기도 부천시 부일로 745,  (역곡동)",070-4223-2733
283,체육도장업,경희대 도당 태권도장,"경기도 부천시 삼작로 270,  (도당동)",032-682-5279
284,체육도장업,라온태권도장,"경기도 부천시 원미로 182, 태진  (원미동)",
285,체육도장업,국가대표 태비 태권도,"경기도 부천시 조종로 27,  (원미동)",
286,체육도장업,빅터 아카데미 주짓수,"경기도 부천시 원미로143번길 9,  (원미동)",
287,체육도장업,점프스타 태권줄넘기,"경기도 부천시 삼작로256번길 61,  (도당동)",
288,골프연습장업,역곡필스크린골프,"경기도 부천시 부일로 727,  (역곡동, B.N.G)",032-345-0052
289,골프연습장업,현대골프장1,경기도 부천시 도약로 260 (도당동),032-677-7700
290,골프연습장업,현대골프장 2,경기도 부천시 도약로 260 (도당동),032-677-7700
291,골프연습장업,골프 잘가르치는 연습장,"경기도 부천시 부일로 702,  1호 (역곡동)",032-344-1021
292,골프연습장업,역곡골프존,"경기도 부천시 역곡로13번길 17,  (역곡동)",032-342-0333
293,골프연습장업,B&R골프연습장,"경기도 부천시 조마루로 387,  (원미동)",032-665-6989
294,골프연습장업,제니스SG스크린골프,"경기도 부천시 부천로 323,  (도당동, y-제니스파크)",032-327-7979
295,골프연습장업,피플스크린골프 2호점,"경기도 부천시 옥산로 255,   (도당동)",
296,골프연습장업,하나스크린골프,"경기도 부천시 옥산로 255,   (도당동)",032-719-7232
297,골프연습장업,대우골프존,"경기도 부천시 도약로 261, 부천대우테크노파크  107호 (도당동)",032-670-8923
298,체력단련장업,바디업 휘트니스,"경기도 부천시 원미로 126,  (원미동, 명성프라자)",032-655-6080
299,체력단련장업,은성휘트니스 헬스,"경기도 부천시 수도로 202, 은성프라자  (도당동)",032-673-2353
300,체력단련장업,도당웰빙헬스,"경기도 부천시 삼작로 257, 5층 (도당동)",032-681-8899
301,체력단련장업,캐나디안휘트니스,"경기도 부천시 부일로 753, 9층 (역곡동, 로하스타원)",032-347-8090
302,체력단련장업,토리짐,"경기도 부천시 역곡로13번길 4,  (역곡동)",032-343-5552
303,체력단련장업,광성스포츠센터,"경기도 부천시 옥산로138번길 30,  (춘의동, 광성프라자)",032-683-6666
304,체력단련장업,B&R휘트니스,"경기도 부천시 조마루로 387,  (원미동)",032-665-6989
305,체력단련장업,유핏,"경기도 부천시 옥산로 143-1,  (도당동)",
306,체력단련장업,웰빙 Body보신,"경기도 부천시 부일로779번길 38, 정우 2, (역곡동)",032-341-8887
307,체력단련장업,디엠짐,"경기도 부천시 부천로 120,   (원미동)",032-230-9200
308,당구장업,현대 당구장,경기도 부천시 조마루로 386 (원미동),
309,당구장업,원미당구장,경기도 부천시 조마루로 431 (원미동),032-667-6792
310,당구장업,상록수당구장,"경기도 부천시 삼작로 265,  (도당동)",032-683-5757
311,당구장업,나이스 당구장,경기도 부천시 부일로 761 (역곡동),032-345-3754
312,당구장업,유명당구장,경기도 부천시 옥산로 159 (도당동),032-677-9745
313,당구장업,나이스당구클럽,"경기도 부천시 길주로391번길 24,  (춘의동)",032-668-7357
314,당구장업,모아당구장,"경기도 부천시 옥산로138번길 8,  (춘의동)",032-683-0915
315,당구장업,패션당구장,"경기도 부천시 조마루로 390,  (원미동)",032-661-0121
316,당구장업,SBS스포츠당구클럽,"경기도 부천시 역곡로 3, 덕지  (역곡동)",032-346-8981
317,당구장업,준당구장,"경기도 부천시 삼작로 257,  (도당동)",032-682-5495
318,당구장업,금메달당구장,"경기도 부천시 역곡로 44,  (역곡동)",
319,당구장업,삼구사구,"경기도 부천시 역곡로 11,  3호 (역곡동)",
320,당구장업,Artis 당구장,"경기도 부천시 지봉로 43-3,  (역곡동)",032-344-0610
321,당구장업,매니아 당구장,"경기도 부천시 원미로 125,  (원미동)",032-661-7740
322,당구장업,아트 당구장,"경기도 부천시 옥산로 155,  (도당동)",032-205-0220
323,당구장업,구슬치기 당구클럽,"경기도 부천시 부천로198번길 18, 201동 ~호 (춘의동, 춘의테크노파크)",032-623-0477
324,당구장업,승리당구클럽,경기도 부천시 부천로275번길 8 (도당동),032-678-0395
325,당구장업,로얄당구장,경기도 부천시 옥산로 138 (춘의동),
326,당구장업,1박2일 당구장,"경기도 부천시 조마루로 425,  (원미동)",032-666-7008
327,당구장업,당구칠래,"경기도 부천시 부천로136번길 44,  (원미동)",
328,당구장업,프로당구클럽,"경기도 부천시 부일로 729,  (역곡동)",
329,당구장업,one&one 당구장,"경기도 부천시 조마루로 400,  (원미동)",
330,당구장업,오렌지당구장,"경기도 부천시 도약로 261,   (도당동)",032-670-7939
331,당구장업,세종당구장,"경기도 부천시 부일로 695,  (역곡동)",
332,당구장업,명성당구장,"경기도 부천시 원미로 126,  (원미동)",
333,당구장업,나이스당구장,"경기도 부천시 부일로 727,  (역곡동)",
334,당구장업,나이스당구클럽,"경기도 부천시 옥산로 148,  (도당동)",
335,당구장업,진빌당구클럽,"경기도 부천시 조종로 3,  (원미동)",
336,당구장업,원진당구장,"경기도 부천시 지봉로 116,  (역곡동)",
337,당구장업,한큐당구장,"경기도 부천시 부천로 354,  (도당동, 부양)",
338,당구장업,SBS스포츠당구클럽,"경기도 부천시 삼작로 292,  (도당동)",032-672-4242
339,당구장업,아키볼당구클럽,"경기도 부천시 옥산로 139, 나동  (도당동)",
340,당구장업,골드당구장,"경기도 부천시 조마루로386번길 43,  (원미동, 토탈프라자)",
341,당구장업,스카이당구장,"경기도 부천시 옥산로 134,  (춘의동)",
342,당구장업,본당구클럽,"경기도 부천시 원미로 164,  (원미동)",
343,당구장업,원당구장,"경기도 부천시 삼작로 283,  (도당동)",
344,당구장업,K-1 당구클럽,"경기도 부천시 부일로 712,  (역곡동)",032-349-1323
345,당구장업,스타당구장,"경기도 부천시 삼작로 294,  (도당동)",
346,당구장업,붐붐당구장,"경기도 부천시 부천로 193,  (춘의동)",
347,당구장업,원당구장,"경기도 부천시 옥산로 171,  (도당동)",
348,당구장업,강남당구장,"경기도 부천시 옥산로 143-1,  (도당동)",
349,당구장업,당구클럽,"경기도 부천시 부일로 731,  (역곡동)",
350,당구장업,K2 당구클럽,"경기도 부천시 역곡로 24,  (역곡동, 덕산)",032-349-2949
351,당구장업,애플당구장,"경기도 부천시 부일로 707,  (역곡동)",
352,당구장업,욜당구클럽,"경기도 부천시 부천로 170,   (춘의동)",
353,당구장업,M당구클럽,"경기도 부천시 조종로7번길 33,  (원미동)",
354,당구장업,B&B 당구클럽,"경기도 부천시 수도로 86, SB타워  (도당동)",
355,당구장업,S당구장,"경기도 부천시 수도로 186,  (도당동)",
356,당구장업,제이제이빌리아드클럽,"경기도 부천시 삼작로 266, 흥아   (도당동)",
357,체육도장업,경희대 상동 태권도장,"경기도 부천시 장말로 107-2, 301호,302(일부)호 (상동)",032-322-7333
358,체육도장업,용인대태풍태권도장,"경기도 부천시 장말로 96, 304호 (상동, 반달마을 상가동)",
359,체육도장업,왕호태권도장,"경기도 부천시 상일로 69, 상가동 211호 (상동, 반달마을)",
360,체육도장업,경희대 최강 태권도장,"경기도 부천시 부흥로 100-1, 201~202호 (상동)",
361,체육도장업,용인대학석사 Y&J태권도장,"경기도 부천시 부흥로 51, 상가동 204~207호 (상동)",032-328-2002
362,체육도장업,상동검도관,"경기도 부천시 소향로 35, 501호 (상동)",032-328-1991
363,체육도장업,예의바른태권도장,"경기도 부천시 상동로 69, 505호 (상동, 새롬프라자15차)",032-321-0987
364,체육도장업,경희대큰나무태권도체육관,"경기도 부천시 조마루로 87, 403호 (상동, 늘푸른종합상가)",032-327-7474
365,체육도장업,박사경희대태권도교육관,"경기도 부천시 송내대로265번길 53, 501호 (상동, 보람씨티프라자)",032-327-0244
366,체육도장업,참 태권도장,"경기도 부천시 조마루로 105, 401호 (상동, 세종프라자)",
367,체육도장업,용인대튼튼태권도장,"경기도 부천시 상동로117번길 31, 603호 (상동, 대림타운)",032-326-2678
368,체육도장업,박용호 트레이닝 연구소,"경기도 부천시 소향로 55-15, 승재밀레니엄오피스텔 208호 (상동)",
369,체육도장업,용인대석천태권도,"경기도 부천시 도약로 25, 403호 (상동)",032-321-3459
370,체육도장업,맑음 태권도,"경기도 부천시 조마루로85번길 18, 5층 (상동)",032-320-5833
371,체육도장업,팀체육관,"경기도 부천시 도약로 54, 202호 (상동)",032-322-0747
372,체육도장업,용인대한울태권도,"경기도 부천시 신상로 54, 상가동 303호 (상동, 목련마을)",032-325-0645
373,체육도장업,준 복싱클럽,"경기도 부천시 소향로13번길 28-14, 405호 (상동, 맘모스빌딩)",032-327-7989
374,체육도장업,대일경희대태권도,"경기도 부천시 장말로 71, 상가동 301호 (상동, 한아름마을)",032-255-5000
375,체육도장업,효재태권도,"경기도 부천시 부일로191번길 35, 307호 (상동, 반달마을 상가동)",032-325-7225
376,체육도장업,임흥식 복싱클럽,"경기도 부천시 상일로94번길 40, 3층 (상동)",
377,체육도장업,이옥성.김정주 복싱다이어트클럽,"경기도 부천시 길주로 125, 203~204호 (상동, 다승프라자)",032-326-3812
378,체육도장업,한가람태권도장,"경기도 부천시 도약로 29, 402호 (상동, 에이스프라자)",032-261-1247
379,체육도장업,TWT 더위닝팀,"경기도 부천시 부흥로 2, 203,204호 (상동, 송림프라자)",
380,체육도장업,VICTOR MMA 아카데미,"경기도 부천시 소향로37번길 31-17, 6층 (상동, 유원프라자)",032-246-9006
381,체육도장업,부천복싱남녀다이어트,"경기도 부천시 상일로 92, 201,202호 (상동, 광희빌딩)",
382,체육도장업,wawa이지유도클럽,"경기도 부천시 길주로77번길 61, 부건프라자 501호 (상동)",
383,체육도장업,용인대 석사 해솔태권도장,"경기도 부천시 상일로 69, 2층 202,203,204호 (상동)",
384,골프연습장업,제일골프클럽,"경기도 부천시 상동로117번길 31, 401~405호 (상동)",032-231-7010
385,골프연습장업,GTS골프아카데미,"경기도 부천시 송내대로73번길 42, 3층 (상동, 반달빌딩)",032-324-6465
386,골프연습장업,IMG골프연습장,"경기도 부천시 도약로 19, 4~5층 (상동, 동양프라자)",032-326-6767
387,골프연습장업,G7스크린골프존,"경기도 부천시 상동로 79, 703호 (상동, 수석프라자)",032-322-0788
388,골프연습장업,디앤디 오렌지 스크린골프,"경기도 부천시 길주로 115, 504호 (상동, 시그마타워)",032-327-3339
389,골프연습장업,스타골프존,"경기도 부천시 길주로 137, 204호 (상동)",032-329-0718
390,골프연습장업,상동필드스크린,"경기도 부천시 조마루로 87, 301,306호 (상동, 늘푸른종합상가)",032-327-0519
391,골프연습장업,월드스타스크린골프,"경기도 부천시 길주로77번길 19-27, 301호 (상동, 광장프라자)",032-326-2206
392,골프연습장업,PGA골프스쿨,"경기도 부천시 송내대로265번길 53, 6층 (상동, 보람시티프라자)",032-324-4499
393,골프연습장업,휘트니스메가짐(골프),"경기도 부천시 상동로 90, 606호 (상동, 메가플러스)",032-329-0101
394,골프연습장업,상동 마스터즈,"경기도 부천시 상동로 113, 209호 (상동, 승재프라자)",032-322-1761
395,골프연습장업,테마스크린골프,"경기도 부천시 상일로 86, 601호 (상동)",
396,골프연습장업,대일 스크린골프,"경기도 부천시 도약로 17, 2층 전체호 (상동, 그린프라자)",032-329-0330
397,골프연습장업,상동스크린골프존파크,"경기도 부천시 길주로 63, 313~314호 (상동, 스타팰리스)",032-324-4799
398,골프연습장업,메가플러스 스크린골프존,"경기도 부천시 상동로 90, 318~319호 (상동, 메가플러스)",032-327-0745
399,골프연습장업,골프존파크상동,"경기도 부천시 길주로 86, 603~605호 (상동, 해피플러스)",032-322-4373
400,골프연습장업,J'S골프클럽,"경기도 부천시 길주로 91, 601~613호 (상동, 비잔티움(601~613호,615~622호))",032-326-1222
401,골프연습장업,동원스크린골프,"경기도 부천시 길주로 125, 501호 (상동, 다승프라자)",032-324-7553
402,골프연습장업,타이거존스크린골프,"경기도 부천시 부흥로 12, 505~506호 (상동, 대림프라자)",
403,골프연습장업,TM골프클럽,"경기도 부천시 송내대로 239, 부천터미널소풍 9층 옥상호 (상동)",032-322-5515
404,골프연습장업,오잘공스크린골프존,"경기도 부천시 길주로 111, 401호 (상동, 센타프라자)",032-326-0759
405,골프연습장업,더스타일휘트니스(주),"경기도 부천시 상동로 87, 9층 (상동, 가나베스트타운)",
406,골프연습장업,올버디스크린골프,"경기도 부천시 길주로 70, 301호 (상동, 강산타운)",032-328-3777
407,골프연습장업,비전스크린골프,"경기도 부천시 상동로117번길 49, 702호 (상동, 아트프라자)",032-322-3335
408,골프연습장업,골프존,"경기도 부천시 조마루로 2, 스포츠센타동동 1층 R101~108,R114~121호 (상동)",032-310-8400
409,골프연습장업,나이스스크린골프,"경기도 부천시 상동로 108, 802층 (상동, 다인타운)",032-327-0006
410,골프연습장업,GDR골프아카데미,"경기도 부천시 길주로 125, 502호 (상동, 다승프라자)",032-327-1871
411,골프연습장업,비젼 골프데이,"경기도 부천시 길주로121번길 18-15, 301호 (상동, 우리프라자)",070-8803-3989
412,골프연습장업,세한골프존,"경기도 부천시 길주로 70, 501호 (상동, 강산타운)",032-325-4466
413,골프연습장업,센스 스크린골프존,"경기도 부천시 길주로 80, 705호 (상동, 로얄타워)",032-326-8253
414,골프연습장업,소풍필라테스&골프존파크,"경기도 부천시 송내대로 239, 6F01외호 (상동)",032-326-0722
415,골프연습장업,라온스크린,"경기도 부천시 도약로 29, 에이스프라자 302호 (상동)",032-326-8227
416,골프연습장업,골프튠아카데미,"경기도 부천시 송내대로265번길 23, 예성프라자 801호 (상동)",
417,골프연습장업,굿모닝스크린,"경기도 부천시 길주로77번길 19-45, 디아뜨갤러리4차 310호 (상동)",
418,체력단련장업,신라헬스크럽,경기도 부천시 송내대로73번길 46 (상동),032-325-6515
419,체력단련장업,인어스휘트니스 송내점,경기도 부천시 상일로 100 (상동),032-327-6733
420,체력단련장업,휘트니스메가짐,"경기도 부천시 상동로 90, 메가플러스빌딩 603,606호 (상동)",
421,체력단련장업,상록엘지헬스클럽,경기도 부천시 조마루로 48 (상동),032-226-1235
422,체력단련장업,크라운짐휘트니스,"경기도 부천시 상동로117번길 31, 501호 (상동, 대림타운)",
423,체력단련장업,더스타일휘트니스(주),"경기도 부천시 상동로 87, 9층 (상동, 가나베스트타운)",032-327-9633
424,체력단련장업,커브스상동클럽,"경기도 부천시 상동로 113, 207호 (상동, 승재프라자)",
425,체력단련장업,빅토리휘트니스,"경기도 부천시 장말로 1, 301~302호 (상동)",032-329-6688
426,체력단련장업,바디플라이짐,"경기도 부천시 상일로94번길 13, 3층 (상동)",
427,체력단련장업,ABS퍼스널트레이닝 상동점,"경기도 부천시 길주로 81 (상동, 모건시티 206~207호)",
428,체력단련장업,바디채널휘트니스,"경기도 부천시 상동로 83, 5층 (상동, 그랜드프라자)",
429,체력단련장업,브라운크리스탈PT샵,"경기도 부천시 상동로 108, 901호 (상동, 다인타운)",032-327-8088
430,체력단련장업,다이어트팩토리,"경기도 부천시 길주로77번길 19-6, 2층 (상동, 중앙프라자)",032-321-9679
431,체력단련장업,청년피티,"경기도 부천시 송내대로265번길 17, 효성프라자 601,602,608호 (상동)",032-328-1212
432,체력단련장업,써클30,"경기도 부천시 송내대로265번길 67, 303호 (상동, 월드컵타운)",
433,체력단련장업,피타짐,"경기도 부천시 송내대로73번길 42 (상동, 반달빌딩)",
434,체력단련장업,센터오브그래비티,"경기도 부천시 소향로 35, 502호 (상동)",
435,체력단련장업,코우스짐,"경기도 부천시 조마루로97번길 33-11, 1층 (상동)",
436,체력단련장업,N필라테스,"경기도 부천시 상동로 90, 메가플러스빌딩 506호 (상동)",032-321-9696
437,체력단련장업,숨FIT,"경기도 부천시 상동로117번길 31, 대림타운 407호 (상동)",
438,체력단련장업,슬림앤영짐,"경기도 부천시 상동로 113, 승재프라자 301호 (상동)",032-327-1848
439,체력단련장업,리라이프,"경기도 부천시 부일로 202, 광희빌딩 8층 (상동)",032-325-8177
440,체력단련장업,그녀의 피트니스 디얼핏 상동점,"경기도 부천시 상동로 81, 센타프라자 4층 401호 (상동)",032-324-4239
441,체력단련장업,히어로짐,"경기도 부천시 송내대로265번길 73, 보람프라자 801,802,803호 (상동)",032-321-1535
442,당구장업,맥스당구클럽,"경기도 부천시 상일로94번길 20, 3층 (상동)",032-325-9090
443,당구장업,삼성당구장,"경기도 부천시 소향로13번길 14-23, 301호 (상동, 삼상프라자)",032-322-0112
444,당구장업,큐당구장,"경기도 부천시 송내대로73번길 22, 305,306호 (상동, 장미상가)",032-327-3985
445,당구장업,프로2000당구클럽,"경기도 부천시 소향로37번길 31-7, 205호 (상동, 상동타운)",
446,당구장업,21세기 당구클럽,"경기도 부천시 도약로 25, 202호 (상동)",032-326-0848
447,당구장업,송내당구클럽,"경기도 부천시 송내대로73번길 41, 301호 (상동, 황소빌딩)",032-323-3944
448,당구장업,SBS 당구장,"경기도 부천시 길주로 86, 207~208호 (상동, 해피플러스)",032-239-3992
449,당구장업,WABA 당구장,"경기도 부천시 송내대로265번길 67, 301호 (상동, 월드컵타운)",070-7377-9329
450,당구장업,슈 당구클럽,"경기도 부천시 길주로77번길 19-45, 309호 (상동, 디아뜨갤러리4차)",032-610-4224
451,당구장업,메가당구클럽,"경기도 부천시 상동로 90, 215호 (상동)",032-321-7942
452,당구장업,나이스당구장,"경기도 부천시 송내대로73번길 46, 401~402호 (상동, 대양훼미리)",070-8164-2548
453,당구장업,루키당구클럽,"경기도 부천시 길주로121번길 18-7, 701호 (상동, 성원프라자)",032-326-0705
454,당구장업,돛대당구클럽,"경기도 부천시 조마루로 105, 302호 (상동, 세종프라자)",032-326-5938
455,당구장업,SBS당구클럽,"경기도 부천시 상일로94번길 37, 302,304호 (상동)",
456,당구장업,OK당구장,"경기도 부천시 부일로 115, B1층 (상동)",
457,당구장업,알파당구클럽,"경기도 부천시 길주로77번길 19-38, 203~204호 (상동, 굿모닝위너스빌)",032-324-0754
458,당구장업,VIP당구장,"경기도 부천시 송내대로73번길 32, 302~303호 (상동)",
459,당구장업,빅볼당구클럽,"경기도 부천시 소향로13번길 28-14, 202호 (상동, 맘모스타워)",070-7378-2234
460,당구장업,로니Billiard Club,"경기도 부천시 상일로94번길 14, 3층 (상동)",
461,당구장업,베스트볼링&포켓볼,"경기도 부천시 상동로 87, 10층 1004~1005호 (상동, 가나베스트타운3)",032-322-0923
462,당구장업,길당구클럽,"경기도 부천시 길주로 125, 207~208호호 (상동, 다승프라자)",032-323-0141
463,당구장업,당구채널,"경기도 부천시 길주로77번길 55-25, 301호 (상동)",
464,당구장업,DS빌리어드 클럽,"경기도 부천시 길주로 115, 606호 (상동, 시그마타워)",
465,당구장업,D.S당구클럽,"경기도 부천시 상동로 83, 401호 (상동)",032-325-9172
466,당구장업,한솔당구장,"경기도 부천시 송내대로265번길 59, 204,205호 (상동, 한솔프라자)",032-263-2248
467,당구장업,거북이당구장,"경기도 부천시 상동로117번길 31, 308~309호 (상동, 대림타운)",032-321-9354
468,당구장업,로데오당구클럽,"경기도 부천시 부일로199번길 31, 301호 (상동, 낫시프라자)",
469,당구장업,구슬치기,"경기도 부천시 장말로 1, 501,503호 (상동, 정우프라자)",032-322-9083
470,당구장업,마녀당구클럽,"경기도 부천시 상일로94번길 34, 3층 (상동)",
471,당구장업,큐당구장,"경기도 부천시 송내대로73번길 31, 무궁화 202~203호 (상동)",
472,당구장업,펍큐당구클럽부천상동점,"경기도 부천시 소향로37번길 31-21, 라라플러스 401호 (상동)",
473,썰매장업,(주)볼베어파크 부천지점,"경기도 부천시 조마루로 2, 부천체육문화센터 201호 (상동)",032-322-7760
474,무도학원업,PL댄스스포츠,"경기도 부천시 소향로37번길 31-17, 2층 일부호 (상동, 유원프라자)",
475,종합체육시설업,웅진플레이도시,경기도 부천시 조마루로 2 (상동),032-310-8141
476,수영장업,룸비니수영장,"경기도 부천시 소사로 367 (원미동, 석왕사)",
477,체력단련장업,153태권도장,"경기도 부천시 부흥로 407, 3층 (심곡동)",
478,체력단련장업,웅비체육관,경기도 부천시 장말로352번길 37 (심곡동),
479,체력단련장업,부천화랑태권도,경기도 부천시 장말로 310 (심곡동),
480,체력단련장업,정무문쿵후체육관,경기도 부천시 부일로517번길 22 (심곡동),
481,체력단련장업,경희대대웅태권도체육관,"경기도 부천시 부흥로 431, 2층3층 (심곡동)",
482,체력단련장업,청도태권도체육관,"경기도 부천시 신흥로103번길 13, 2층 (심곡동)",
483,체력단련장업,경희대석사 삼손참태권도장,"경기도 부천시 조종로 34, 4층 (원미동)",
484,체력단련장업,부천검도관,"경기도 부천시 부일로 495, 3층 (심곡동)",
485,체력단련장업,JS 복싱휘트니스클럽,"경기도 부천시 부천로 24, 2층 (심곡동)",
486,체력단련장업,고려대태권스쿨,"경기도 부천시 부천로66번길 57, 2층 (심곡동)",
487,체력단련장업,용인대 대동 태권도,"경기도 부천시 조마루로366번길 67, 2층 (심곡동)",
488,체력단련장업,하나 태권도장,"경기도 부천시 장말로294번길 32-3, 2층,지층 (심곡동)",
489,체력단련장업,원미창조태권도,"경기도 부천시 부흥로 424, 상가층 201호 (심곡동, 하나리아벨주상복합아파트)",
490,체력단련장업,연세복싱,"경기도 부천시 부천로 107, 3층일부층 (심곡동)",
491,체력단련장업,경희베스트체대,"경기도 부천시 부흥로 404, 지하층 (심곡동)",
492,체력단련장업,튼튼아이태권도,"경기도 부천시 원미로 100, 204~7, 2015~6호 (원미동, 풍림아파트상가)",
493,체력단련장업,쿠바복싱다이어트 클럽 2관,"경기도 부천시 부천로40번길 18, 3층 (심곡동)",
494,체력단련장업,부천검도관,경기도 부천시 부흥로 370 (심곡동),
495,체력단련장업,부천용인대유도체육관,"경기도 부천시 부천로 79, 지층호 (심곡동, 세상빌딩)",
496,체력단련장업,트라이스톤GYM,경기도 부천시 부일로 473 (심곡동),
497,체력단련장업,피노키오 복싱,"경기도 부천시 부일로449번길 7, 3층 (심곡동)",
498,골프연습장업,고투(GOTO) 부천역 골프,"경기도 부천시 부천로 7, 6일부층 (심곡동)",
499,골프연습장업,MG스크린골프,"경기도 부천시 부일로 485, 7층 (심곡동)",
500,골프연습장업,MG골프연습장,"경기도 부천시 부일로 485, 6층 (심곡동)",
501,체력단련장업,그린헬스클럽,"경기도 부천시 부일로495번길 42, 3층 (심곡동, 청골빌딩)",
502,체력단련장업,코리아짐헬스,"경기도 부천시 신흥로 84, 4층 (심곡동)",
503,체력단련장업,고투(GOTO) 부천역,"경기도 부천시 부천로 7, 5층~6일부층 (심곡동)",
504,체력단련장업,Rain FITNESS,"경기도 부천시 부천로90번길 8, 8층 (원미동, 아송빌딩)",
505,체력단련장업,훈핏,"경기도 부천시 부일로483번길 11, 3층 (심곡동)",
506,체력단련장업,리얼짐,"경기도 부천시 부일로 448, 303호 (심곡동, 프리존빌딩)",
507,체력단련장업,바디마스터,"경기도 부천시 부천로54번길 10, 2층 201호 (심곡동, 영도빌딩)",
508,체력단련장업,라온바디핏,경기도 부천시 원미로97번길 31 (원미동),
509,체력단련장업,크로스핏킹콩,"경기도 부천시 부천로 32, 민병철어학원 지층 (심곡동)",
510,체력단련장업,바디온짐,"경기도 부천시 장말로 273, 유진빌딩 4층 (심곡동)",
511,체력단련장업,다온피티스튜디오,"경기도 부천시 부천로54번길 10, 영도빌딩 2층 (심곡동)",
512,체력단련장업,부천역점 스포애니 주)케이디스포츠,"경기도 부천시 부천로 47, 2층 201~208호 (심곡동, 노마즈하우스)",
513,당구장업,재미나당구장,경기도 부천시 부일로 531 (심곡동),
514,당구장업,그냥당구장,"경기도 부천시 원미로 97-1, 2층 (원미동)",
515,당구장업,VIP ∏당구장,경기도 부천시 부천로3번길 41 (심곡동),
516,당구장업,당구채널,"경기도 부천시 부천로 82, 3층 (심곡동)",
517,당구장업,012당구장,경기도 부천시 신흥로 93 (심곡동),
518,당구장업,블랙잭당구장,경기도 부천시 부일로 567 (소사동),
519,당구장업,유피2당구장,"경기도 부천시 부일로483번길 21, 3,4층 (심곡동)",
520,당구장업,삼성당구장,경기도 부천시 부천로10번길 30 (심곡동),
521,당구장업,파스텔당구장,"경기도 부천시 부일로449번길 38, 3층 (심곡동)",
522,당구장업,메드나인 포켓볼,경기도 부천시 부일로 460 (심곡동),
523,당구장업,다마당구장,"경기도 부천시 신흥로52번길 47, 2층 (심곡동)",
524,당구장업,특실당구장,"경기도 부천시 부천로103번길 10, 4층 (심곡동, 가나빌딩)",
525,당구장업,당구카페,"경기도 부천시 부천로40번길 10, 4층 (심곡동, 대원빌딩)",
526,당구장업,나이스당구카페,"경기도 부천시 부일로 466, 4(일부)층 (심곡동, 광장빌딩)",
527,당구장업,그린당구장,"경기도 부천시 부천로 42, 2층 (심곡동)",
528,당구장업,그린 당구장,"경기도 부천시 부일로 523, 지하1층 (심곡동)",
529,당구장업,레인보우 당구클럽,경기도 부천시 부천로9번길 54 (심곡동),
530,당구장업,세븐 당구장,경기도 부천시 부일로518번길 30 (심곡동),
531,당구장업,Q 당구장,"경기도 부천시 부천로147번길 16, 2층 (심곡동)",
532,당구장업,당구존,"경기도 부천시 부천로9번길 28, 4층 (심곡동)",
533,당구장업,Q&SHOT 당구장,"경기도 부천시 신흥로56번길 47, 2층 (심곡동)",
534,당구장업,점프 당구장,"경기도 부천시 부천로40번길 18, 2층 (심곡동)",
535,당구장업,곤 당구장,"경기도 부천시 부일로469번길 38, 2층 (심곡동)",
536,당구장업,아지트당구장,"경기도 부천시 신흥로 32, 2층 (심곡동)",
537,당구장업,미래당구장,"경기도 부천시 부흥로373번길 44, 지하1층 (심곡동)",
538,당구장업,우리당구장,"경기도 부천시 부일로 401, 2층 (심곡동)",
539,당구장업,빅볼당구클럽,"경기도 부천시 부일로459번길 33, 5층 (심곡동)",
540,당구장업,큐스포츠,"경기도 부천시 부일로483번길 15, 3층 (심곡동)",
541,당구장업,당구매니아,"경기도 부천시 부일로459번길 32, 5층 (심곡동, 이도빌딩)",
542,당구장업,스타당구장,"경기도 부천시 장말로 351, 지하층 (심곡동)",
543,당구장업,지투죤당구장,"경기도 부천시 부천로 3-1, 지하1층 6호 (심곡동)",
544,당구장업,스포츠당구장,"경기도 부천시 부흥로 439, 3층 (원미동)",
545,당구장업,싸이버당구장,"경기도 부천시 부일로505번길 12, 지층 (심곡동)",
546,당구장업,크리스탈당구장,"경기도 부천시 심중로 48, 2층 (심곡동)",
547,당구장업,도화당구장,"경기도 부천시 소사로 296-1, 지층 1호 (소사동)",
548,당구장업,원당구장,"경기도 부천시 신흥로26번길 54, 2층 (심곡동)",
549,당구장업,상아당구장,"경기도 부천시 장말로 279, 3층 (심곡동)",
550,당구장업,스타당구클럽,"경기도 부천시 부천로10번길 13, 3층 (심곡동)",
551,당구장업,T.B.N 당구장,"경기도 부천시 부흥로402번길 36, 3층 (심곡동)",
552,당구장업,Della Billiards Club,"경기도 부천시 부일로 462-1, 3층 (심곡동)",
553,당구장업,스카이당구장,"경기도 부천시 부흥로 384-1, 4층호 (심곡동)",
554,당구장업,킹당구장,"경기도 부천시 부일로 433, 2층 (심곡동)",
555,당구장업,WOW당구장,"경기도 부천시 부천로39번길 17, 3층 (심곡동, 심곡빌딩)",
556,당구장업,제이앤제이 볼링센터&락당구장,"경기도 부천시 부천로 11, 4층 (심곡동, 해태쇼핑)",
557,당구장업,바나나 당구클럽,"경기도 부천시 장말로 374, 2층 (심곡동, 한영빌딩)",
558,당구장업,대성당구장,"경기도 부천시 신흥로67번길 54, 지하1층 (심곡동)",
559,당구장업,엔틱당구클럽,"경기도 부천시 부일로 482-1, 4층 (심곡동)",
560,당구장업,아우디당구장,"경기도 부천시 부일로449번길 28, 6층  호 (심곡동)",
561,당구장업,대박당구장,"경기도 부천시 심중로 54, 2층 (심곡동)",
562,당구장업,대학당구장,"경기도 부천시 부일로445번길 45, 2층 (심곡동)",
563,당구장업,대성당구장,"경기도 부천시 부천로85번길 19, 동양빌딩 3층 (심곡동)",
564,무도학원업,퀸 댄스,경기도 부천시 신흥로 32 (심곡동),
565,체육도장업,해동청체육관,경기도 부천시 원종로29번길 83  (원종동),
566,체육도장업,용인대 일출 태권도장,"경기도 부천시 성오로 127 (원종동,3층)",032-681-7722
567,체육도장업,팀 태권도&스포츠,"경기도 부천시 중동로 417 (삼정동,401호)",
568,체육도장업,경희대석사백마체육관,"경기도 부천시 고강로40번길 58  (원종동,3층)",032-683-5351
569,체육도장업,경희대위너태권도장,"경기도 부천시 성오로124번길 47, 210호 (원종동)",
570,체육도장업,한국체대 비전태권도,경기도 부천시 원종로 7  (원종동),032-671-5758
571,체육도장업,충호태권도장,"경기도 부천시 부천로476번길 64, 2층 (오정동)",
572,체육도장업,부천명문태권도,경기도 부천시 중동로 433 (삼정동),032-651-7239
573,체육도장업,경희대석사 샛별태권도,"경기도 부천시 오정로 247, 302호 (오정동, 썬프라자)",032-678-2234
574,체육도장업,CH복싱&크로스핏,경기도 부천시 원종로 30 (원종동),
575,체육도장업,새나라태권도장,"경기도 부천시 소사로794번길 27 (원종동,3층)",032-682-7353
576,체육도장업,한울효 태권도장,"경기도 부천시 성오로117번길 14, 3층 (원종동)",
577,체육도장업,용인대 준 태권도장,경기도 부천시 부천로410번길 27 (내동),
578,체육도장업,용인대신학유도관,"경기도 부천시 원종로9번길 59, 3층 (원종동)",
579,체육도장업,인하코리아태권도장,경기도 부천시 부천로464번길 43 (오정동),032-673-4477
580,체육도장업,행복한 동행 삼성태권도장,"경기도 부천시 오정로252번길 44-6, 2층 (오정동)",
581,체육도장업,경희대정훈태권도,"경기도 부천시 오정로 250, 401호 (오정동, 신오빌딩)",032-677-1484
582,체육도장업,용인대 TOP 복싱,"경기도 부천시 소사로 745, 3층 (원종동, 장우빌딩)",032-219-7989
583,체육도장업,부천 라온태권도,"경기도 부천시 수도로 65, 2층 (삼정동)",032-674-2106
584,체육도장업,파인태권도장,"경기도 부천시 소사로862번길 89, 2층 (원종동)",032-678-6781
585,체육도장업,C.M. 복싱,"경기도 부천시 오정로 209-4, 5층 (오정동)",032-682-8872
586,체육도장업,힘찬태권도장,"경기도 부천시 평천로721번길 21, 2층 (삼정동)",032-675-9793
587,골프연습장업,동성골프실내연습장,경기도 부천시 소사로 751 (원종동),032-671-1923
588,골프연습장업,선라이즈 골프클럽,경기도 부천시 석천로442번길 56  (삼정동),032-679-7171
589,골프연습장업,골프 팩트,"경기도 부천시 소사로 758 (원종동,한성빌딩 지하 1층)",032-677-3364
590,골프연습장업,삼정스크린골프연습장,"경기도 부천시 석천로 446, 2층 (삼정동) ",032-674-7842
591,골프연습장업,프렌즈 스크린골프 아카데미,경기도 부천시 소사로 772 (원종동),
592,골프연습장업,황금스크린골프,"경기도 부천시 오정로 249, 4층 (오정동, 오정프라자)",
593,골프연습장업,S스크린골프연습장,경기도 부천시 성지로101번길 38 (원종동),032-682-0038
594,골프연습장업,스크린골프오후,"경기도 부천시 산업로120번길 4, 202호 (오정동, Ohoocompany)",032-675-0009
595,골프연습장업,썬라이즈스크린골프,"경기도 부천시 석천로442번길 56, 4층 (삼정동)",032-674-0100
596,골프연습장업,피플스크린골프존,"경기도 부천시 수도로 93, 3층 (내동)",032-2614-6707
597,골프연습장업,럭키 스크린 골프존,"경기도 부천시 신흥로 361-10, 3층 (내동, 럭키빌딩)",032-323-4584
598,골프연습장업,골프존파크 쌍용스크린,"경기도 부천시 석천로 397, 부천테크노파크쌍용3차 302동 비08호 (삼정동)",
599,체력단련장업,월드헬스클럽,경기도 부천시 소사로 745 (원종동),032-682-5508
600,체력단련장업,오정헬스클럽,경기도 부천시 오정로 254 (오정동),032-684-9228
601,체력단련장업,신나라헬스,"경기도 부천시 원종로 64  (원종동,4층)",032-679-6200
602,체력단련장업,일죽스포렉스,"경기도 부천시 소사로 802-1 (원종동,성운빌딩 5층)",032-673-8530
603,체력단련장업,펌프휘트니스,"경기도 부천시 삼작로 22  (삼정동,부천테크노파크1단지 관리동 3층)",
604,체력단련장업,라이프휘트니스,경기도 부천시 원종로 7 (원종동),032-684-2346
605,체력단련장업,M new GYM,"경기도 부천시 성지로 111-1 (원종동,근상오피스(2,3층))",032-654-7395
606,체력단련장업,부천신흥시장점 스포애니 주)케이디스포츠,"경기도 부천시 중동로 406, 4층 (삼정동)",
607,체력단련장업,헬스클럽 천용회관,"경기도 부천시 소사로 851 (원종동,3층)",032-672-5988
608,체력단련장업,세화스쿼시,"경기도 부천시 소사로 783, 지하2층 (원종동)",032-683-6750
609,체력단련장업,빠짐플러스,"경기도 부천시 오정로 249, 2층 208호 (오정동, 오정프라자)",
610,체력단련장업,우먼아이엔지짐,"경기도 부천시 소사로 754, 5층 (원종동)",032-673-1980
611,체력단련장업,바디앤댄스,"경기도 부천시 소사로775번길 11, 2층 (원종동)",
612,체력단련장업,피타짐,"경기도 부천시 오정로 226-1, 3,4,5층 (오정동)",
613,체력단련장업,K2,경기도 부천시 신흥로 377(내동) ,032-677-2683
614,당구장업,공원당구장,"경기도 부천시 오정로212번길 11, 2층 (오정동)",
615,당구장업,웰컴당구장,경기도 부천시 삼작로96번길 21  (내동),032-677-4545
616,당구장업,오성당구장,경기도 부천시 삼작로 183-1  (내동),032-683-5370
617,당구장업,대호당구장,경기도 부천시 삼작로 194  (내동),032-684-6195
618,당구장업,큐당구장,경기도 부천시 신흥로413번길 62  (삼정동),
619,당구장업,유원당구장,경기도 부천시 삼작로 231  (내동),032-684-4399
620,당구장업,동해당구장,경기도 부천시 상오정로 21 (오정동),032-678-5131
621,당구장업,SBS당구클럽,경기도 부천시 중동로 406  (삼정동),032-681-3271
622,당구장업,늘당구장,"경기도 부천시 소사로 837  (원종동,지층)",032-675-7402
623,당구장업,찜당구장,경기도 부천시 중동로 407  (삼정동),032-673-1150
624,당구장업,서울당구장,경기도 부천시 평천로751번길 52 (내동),032-673-3290
625,당구장업,일번지당구장,경기도 부천시 성지로101번길 38  (원종동),032-679-6968
626,당구장업,맨하탄 당구장,경기도 부천시 신흥로401번길 22 (내동),032-679-3413
627,당구장업,베스트 당구장,"경기도 부천시 평천로 725 (삼정동,3층)",032-672-7312
628,당구장업,김치당구클럽,"경기도 부천시 소사로 779, 601,602호 (원종동,6층)",032-679-4848
629,당구장업,태양당구장,경기도 부천시 석천로 346 (삼정동),032-683-3268
630,당구장업,귀빈당구장,경기도 부천시 부천로 395  (내동),
631,당구장업,제일당구장,"경기도 부천시 성지로 111-1  (원종동,5층 502호)",032-671-0270
632,당구장업,신흥당구장,"경기도 부천시 평천로 718  (삼정동,3층)",032-672-2235
633,당구장업,007당구클럽,"경기도 부천시 중동로 417, 3층 (삼정동)",032-683-9007
634,당구장업,공때려 당구장,"경기도 부천시 소사로 748  (원종동,4층)",
635,당구장업,LA 당구장,"경기도 부천시 성지로101번길 21,  203호 (원종동,태산상가)",
636,당구장업,궁당구마을,"경기도 부천시 상오정로 21-1, 3층 (오정동)",
637,당구장업,OK당구장,"경기도 부천시 석천로 397 (삼정동, 부천테크노파크쌍용3차)",032-624-0179
638,당구장업,한게임당구장,경기도 부천시 오정로212번길 13 (오정동),032-676-3347
639,당구장업,프로당구장,경기도 부천시 오정로 209-4 (오정동),032-676-3949
640,당구장업,진당구클럽,경기도 부천시 소사로747번길 11  (원종동),032-673-0342
641,당구장업,오거리 떼굴떼굴 당구장,"경기도 부천시 수도로 73 (삼정동,3층)",
642,당구장업,H.당구클럽,"경기도 부천시 수도로 137 (내동, 성림빌딩)",032-681-5460
643,당구장업,미키당구장,"경기도 부천시 소사로775번길 25  (원종동,2층 201, 202호)",
644,당구장업,로얄당구클럽,"경기도 부천시 소사로793번길 22  (원종동,3층)",
645,당구장업,스타당구장,"경기도 부천시 소사로808번길 9  (원종동,3층)",032-676-3533
646,당구장업,JJ당구장,"경기도 부천시 중동로 409 (삼정동,3층)",
647,당구장업,포인트 당구클럽,"경기도 부천시 석천로 345 (삼정동, 부천테크노파크)",032-321-2473
648,당구장업,K-2 당구장,"경기도 부천시 수도로 119, 3층 (내동)",
649,당구장업,큐당구장,"경기도 부천시 성오로 117  (원종동,지하1층)",
650,당구장업,오거리당구장,"경기도 부천시 오정로220번길 35, 3층 (오정동)",
651,당구장업,정당구 아카데미,"경기도 부천시 오정로 249, 2층 204호 (오정동)",
652,당구장업,Q당구클럽,"경기도 부천시 원종로 40, 3,4층 (원종동)",032-322-4334
653,당구장업,TOP당구클럽,"경기도 부천시 소사로 758, 5층 (원종동, 한성빌딩)",
654,당구장업,오토파크 당구장,"경기도 부천시 오정로 170, 2층 (내동, 부천자동차 매매단지)",
655,당구장업,OBS 당구장,"경기도 부천시 부천로476번가길 76, 3층 (오정동, 오정빌딩)",
656,당구장업,메인 당구클럽,"경기도 부천시 원종로 37, 3층 (원종동)",
657,당구장업,명품 당구클럽,"경기도 부천시 중동로 413, 2층 (삼정동)",032-217-1367
658,당구장업,SKY당구클럽,"경기도 부천시 삼작로 205, 3층 (내동)",032-672-3949
659,당구장업,원종당구클럽,"경기도 부천시 소사로 812, 2층 (원종동, 대우,삼성빌딩)",
660,당구장업,명성당구클럽,"경기도 부천시 평천로738번길 5, 2층 (삼정동, 세림빌딩)",032-676-8447
661,당구장업,비바체 당구클럽,"경기도 부천시 중동로 410, 3층 (삼정동)",
662,당구장업,동호당구장,"경기도 부천시 소사로776번길 13, 2층 (원종동)",
663,당구장업,세븐당구장,"경기도 부천시 삼작로 221, 2층 (내동)",
664,당구장업,후로꾸 당구클럽,경기도 부천시 오정로244번길 12 (오정동),032-677-8746
665,무도학원업,원종무도학원,"경기도 부천시 원종로 64, 801호 (원종동, 부천프라자)",
666,체육도장업,용인대유도체육관,"경기도 부천시 중동로171번길 34, 현진빌딩 지하1층 (중동)",032-653-8270
667,체육도장업,경희 팰리스 태권도,"경기도 부천시 장말로216번길 3, 팰리스카운티 푸르지오상가 306,307호 (중동)",
668,체육도장업,피에스(PS)복싱클럽,"경기도 부천시 석천로2번길 83, 4층 (상동)",
669,체육도장업,연세대미래태권도장,"경기도 부천시 장말로 142, 1층 (상동)",032-321-7911
670,체육도장업,중동 힘찬 태권도장,"경기도 부천시 중동로 100, 214호 (중동, 아이파크상가)",032-667-8080
671,체육도장업,진(JIN)복싱다이어트,"경기도 부천시 부흥로 224, 5층 (중동, 신한은행)",
672,체육도장업,한국체대 상일태권스쿨,"경기도 부천시 장말로 188, 3층 (상동)",032-663-1108
673,체육도장업,한국체대 길 태권도장,"경기도 부천시 중동로 108-2, 팰리스카운티 중앙상가 204,205,210호 (중동)",
674,체육도장업,초석검도관,"경기도 부천시 부흥로 216, 2층 (중동)",
675,골프연습장업,탑골프아카데미,"경기도 부천시 상일로 126, 1001~1003호 (상동, 뉴법조타운)",
676,골프연습장업,투나 스크린골프,"경기도 부천시 부일로 223, 지하2층 101호 (상동, 투나)",032-622-7253
677,골프연습장업,투나 골프존 아카데미,"경기도 부천시 부일로 223, 투나 지하2층 02(일부)호 (상동)",
678,골프연습장업,킹콩스크린골프,"경기도 부천시 석천로 94, 3,4층 (중동, 경동빌딩)",
679,골프연습장업,GDR아카데미 부천 상동점,"경기도 부천시 부일로 223, 투나쇼핑센타 지하2층 02(일부)호 (상동)",
680,체력단련장업,고짐(GO GYM),"경기도 부천시 중동로 153, 6층 (중동)",032-662-6637
681,체력단련장업,쏘마휘트니스,"경기도 부천시 부일로 223, 지하1층 (상동, 투나쇼핑센타)",
682,체력단련장업,아이엠짐,"경기도 부천시 석천로38번길 5, 한성빌딩 5층 (상동)",
683,체력단련장업,바나나짐,"경기도 부천시 부흥로 203, 4층 (중동, 세화빌딩)",
684,체력단련장업,뉴바디 여성전용휘트니스,"경기도 부천시 부일로 224-14, 그랜드코아빌딩 701호 (상동)",
685,체력단련장업,스포애니상동점,"경기도 부천시 부일로 293, 지하1층 (상동, 씨케이타워)",
686,체력단련장업,크로스핏 거츠,"경기도 부천시 부일로 226 (상동, 대명그린프라자)",032-321-3346
687,체력단련장업,레이디짐,"경기도 부천시 장말로216번길 3, 304호 (중동, 팰리스카운티 푸르지오상가)",032-613-8896
688,체력단련장업,PT하기 좋은날,"경기도 부천시 부일로 222, 유은빌딩 4층 501호 (상동)",
689,당구장업,부천당구장,경기도 부천시 심중로 105 (중동),
690,당구장업,구슬치기 당구클럽,"경기도 부천시 부흥로 200, 2층 (중동)",
691,당구장업,솔안당구장,"경기도 부천시 송내대로74번길 34, 302호 (상동)",
692,당구장업,CC당구클럽,경기도 부천시 석천로38번길 6 (상동),
693,당구장업,매니아 빌리아드클럽,"경기도 부천시 상일로122번길 15, 3층 (상동)",
694,당구장업,미진당구장,"경기도 부천시 부흥로 196, 2층 (중동)",
695,당구장업,SBS당구클럽,"경기도 부천시 부흥로 205, 2층 (중동)",
696,당구장업,B.B.C당구장,"경기도 부천시 부일로 300, 2층 (상동)",
697,당구장업,준 당구장,"경기도 부천시 부일로221번길 26, 201호 (상동, 삼원타운)",
698,당구장업,OK당구장,"경기도 부천시 상일로122번길 39, 3층 (상동)",
699,당구장업,제일당구장,"경기도 부천시 중동로 155, 5층 (중동, 태양프라자)",
700,당구장업,벨기에당구클럽,"경기도 부천시 부흥로 184, 지1층호 (중동, 태산빌딩)",032-668-7779
701,당구장업,세븐당구장,"경기도 부천시 장말로 176, 3 층호 (상동)",
702,당구장업,JK당구클럽,"경기도 부천시 부일로233번길 21, 3층 (상동, 삼우빌딩)",
703,당구장업,마징가 당구클럽,"경기도 부천시 중동로 153, 4층 (중동)",
704,무도학원업,뷰티댄스스포츠아카데미,"경기도 부천시 상일로122번길 19, 3(일부)층 (상동)",
705,수영장업,이노스베이프리미엄 어린이 레슨전문 수영장,"경기도 부천시 은성로 82, 상가동 지1층 (소사본동, 한신아파트)",
706,체육도장업,소사체육관(태권),경기도 부천시 소사로170번길 62 (소사본동),
707,체육도장업,한양대 왕호 태권도장,경기도 부천시 소사로201번길 54 (소사본동),
708,체육도장업,봉황태권도장,경기도 부천시 은성로 57 (소사본동),
709,체육도장업,용인대 황룡 태권도장,경기도 부천시 호현로 463 (소사본동),
710,체육도장업,참태권도체육관,"경기도 부천시 소삼로 62 (소사본동, 소사에스케이뷰아파트)",
711,체육도장업,올림픽 태권도장,경기도 부천시 소사로102번길 59 (소사본동),
712,체육도장업,강산권투체육관,경기도 부천시 소사로 250 (소사본동),
713,체육도장업,피닉스 태권도장,경기도 부천시 소사동로72번길 17 (소사본동),
714,체육도장업,MTA태권도장,경기도 부천시 은성로 88-1 (소사본동),
715,체육도장업,M복싱클럽,경기도 부천시 은성로98번길 64 (소사본동),
716,체육도장업,연세대 튼튼 태권도장,경기도 부천시 소사동로 78 (소사본동),
717,체육도장업,경희대 전진 태권도장,경기도 부천시 소사로170번길 45 (소사본동),
718,체육도장업,대호룡태권도장,경기도 부천시 호현로 454 (소사본동),
719,체육도장업,마스터K 태권도장,"경기도 부천시 소안로 10 (소사본동, 동문밀리언상가)",
720,체육도장업,경희대 석사 올림픽 태권도장,"경기도 부천시 소사동로72번길 17, 5층 504호 (소사본동, 아크리아Ⅲ)",
721,골프연습장업,무지개(실외),경기도 부천시 호현로 383 (소사본동),
722,골프연습장업,뉴스타골프연습장,경기도 부천시 은성로98번길 64 (소사본동),
723,골프연습장업,유성골프연습장,"경기도 부천시 소사동로 78, 702.703호 (소사본동)",
724,골프연습장업,K2골프존,경기도 부천시 은성로 91 (소사본동),
725,골프연습장업,유성골프연습장,"경기도 부천시 소사동로 78, 701호 (소사본동)",
726,골프연습장업,제이골프아카데미,"경기도 부천시 소사로 119, 6층 (소사본동)",
727,체력단련장업,대성헬스,경기도 부천시 호현로 495 (소사본동),
728,체력단련장업,K2휘트니스,경기도 부천시 은성로 91 (소사본동),
729,체력단련장업,플레이,"경기도 부천시 소사동로 82 (소사본동, 센트럴프라자)",
730,체력단련장업,여성전용 이루어짐,"경기도 부천시 소사로 202, 4층 (소사본동, 성산빌딩)",
731,체력단련장업,동네 헬스장,"경기도 부천시 소사로 124, 3층 (소사본동)",
732,체력단련장업,내추럴Gym,"경기도 부천시 은성로 66, 3층 (소사본동)",
733,체력단련장업,그레이트짐,"경기도 부천시 경인옛로 3, 소사메디파크 4층 (소사본동)",
734,체력단련장업,Peach Fit,"경기도 부천시 은성로1번길 12, b02호 (소사본동)",
735,당구장업,한신당구장,경기도 부천시 은성로 72 (소사본동),
736,당구장업,VIP당구마을,경기도 부천시 소사로159번길 9 (소사본동),
737,당구장업,보경당구장,경기도 부천시 소삼로 20 (소사본동),
738,당구장업,갤럭시당구장,경기도 부천시 소사로 220 (소사본동),
739,당구장업,미소당구클럽,경기도 부천시 소사로 205 (소사본동),
740,당구장업,소사당구클럽,경기도 부천시 소사로 240 (소사본동),
741,당구장업,제이당구클럽,경기도 부천시 소사로159번길 6 (소사본동),
742,당구장업,세종당구장,경기도 부천시 호현로 489 (소사본동),
743,당구장업,오영당구클럽,"경기도 부천시 은성로 66, 3층 (소사본동)",
744,당구장업,새소울 당구장,"경기도 부천시 소사로 136, 3층 (소사본동)",
745,당구장업,거시기 당구장,"경기도 부천시 소삼로 6, 2층 (소사본동)",
746,당구장업,포켓볼당구장,"경기도 부천시 경인옛로22번길 18, 3층 (소사본동)",
747,당구장업,명도당구장,"경기도 부천시 은성로 40, 2층 (소사본동)",
748,수영장업,고강BK스포츠센터,"경기도 부천시 고리울로51번길 34, 고강빌딩 (고강동)",032-218-7654
749,수영장업,파라디스포츠,경기도 부천시 고리울로 9 (고강동),032-677-1177
750,체육도장업,가온키즈펀 태권도,"경기도 부천시 삼작로 385, 3층 (원종동)",032-672-4381
751,체육도장업,태권도필승도장,경기도 부천시 삼작로396번길 18-1 (원종동),
752,체육도장업,나래태권도장,경기도 부천시 성오로 32 (원종동),
753,체육도장업,금메달 체육관,경기도 부천시 고리울로51번길 7 (고강동),032-679-9507
754,체육도장업,정우태권도체육관,경기도 부천시 고리울로 9 (고강동),032-676-0273
755,체육도장업,원종검도관,"경기도 부천시 성곡로 65, 4층 (여월동)",
756,체육도장업,용인대 고강 태권도장,"경기도 부천시 고강로154번길 46, 상구빌딩 (고강동)",032-681-0083
757,체육도장업,수주태권도체육관,"경기도 부천시 성지로102번길 33, 수주태권도 (고강동)",
758,체육도장업,부부 우리 태권도장,"경기도 부천시 고강로72번길 49, 조광프라자 (고강동)",
759,체육도장업,태비 바른아이 태권도장,"경기도 부천시 성곡로 65, 301호 (여월동)",
760,체육도장업,예전태권도,경기도 부천시 고리울로 92 (고강동),
761,체육도장업,금홍복싱클럽,"경기도 부천시 역곡로472번길 12, 동림빌딩 (고강동)",
762,체육도장업,한국체대천지태권도(HSTM),"경기도 부천시 삼작로410번길 4, 2층 (원종동)",
763,체육도장업,쌍호태권도장,"경기도 부천시 역곡로482번길 25, 부강빌딩 (고강동)",
764,체육도장업,경희석사 백호태권도,"경기도 부천시 여월로 72, 501호 (여월동)",032-675-2117
765,체육도장업,용인대 고강 유도 체육관,"경기도 부천시 고리울로8번길 10, 3층 (고강동, 태성빌딩)",
766,체육도장업,행복한 동행 정진태권도장,"경기도 부천시 역곡로482번길 47, 3층 (고강동)",032-681-2727
767,체육도장업,경희대 한결 태권도장,"경기도 부천시 고리울로52번길 29, 203호 (고강동, DH(주상복합)빌딩)",
768,체육도장업,용인대 준 태권도,"경기도 부천시 여월로 70, 두오파크프라자 206호 (여월동)",0323-674-0234
769,골프연습장업,GJS스크린골프,"경기도 부천시 소사로 664, GJS빌딩 3층 (여월동)",032-682-4849
770,골프연습장업,SG 제이티 스크린골프,"경기도 부천시 여월로 72 (여월동, 여월프라자)",070-7757-0753
771,골프연습장업,필스크린골프,경기도 부천시 까치로 93 (작동),032-675-0158
772,체력단련장업,ARA 스포츠,"경기도 부천시 원종로 119, 한은빌딩 (고강동)",032-675-2767
773,체력단련장업,바디와이짐,경기도 부천시 고리울로40번길 13-13 (고강동),
774,체력단련장업,아이엔지 짐(ING GYM),"경기도 부천시 소사로 709, 6층 (원종동)",032-677-2990
775,체력단련장업,S휘트니스클럽,"경기도 부천시 역곡로 488 (고강동, 한동빌딩)",032-681-0809
776,체력단련장업,새싹피티,"경기도 부천시 까치로 86, 3층 (작동)",032-684-6604
777,체력단련장업,엔조이 짐,"경기도 부천시 역곡로482번길 22, 용일빌딩 (고강동)",
778,체력단련장업,허슬핏,"경기도 부천시 수도로 286, 3층 (여월동)",
779,체력단련장업,BCD PT,"경기도 부천시 역곡로504번길 11, 2층 (고강동)",
780,당구장업,JJ당구장,"경기도 부천시 고리울로8번길 21, 연암빌딩 (고강동)",032-679-7653
781,당구장업,뉴비바체당구클럽,경기도 부천시 고리울로51번길 30 (고강동),
782,당구장업,특급당구장,"경기도 부천시 원종로 111, 부강빌딩 (고강동)",032-677-9401
783,당구장업,대한당구장,경기도 부천시 삼작로 406 (원종동),032-677-2008
784,당구장업,스킬당구장,"경기도 부천시 소사로 719, 관우프라자 (원종동)",
785,당구장업,킹당구장,경기도 부천시 고리울로51번길 20 (고강동),
786,당구장업,무지개당구장,경기도 부천시 고리울로52번길 49 (고강동),
787,당구장업,럭키당구클럽,경기도 부천시 역곡로490번길 5 (고강동),070-7547-1858
788,당구장업,SBS당구클럽,"경기도 부천시 역곡로 487, 백학빌딩 (고강동)",
789,당구장업,해피당구클럽,경기도 부천시 소사로 706 (원종동),
790,당구장업,원당구장,경기도 부천시 삼작로395번길 5 (원종동),032-674-2020
791,당구장업,포인트당구장,"경기도 부천시 역곡로 483, 대영프라자약국 (고강동)",
792,당구장업,멤버당구장,"경기도 부천시 삼작로 324, 2층 (여월동)",032-678-6138
793,당구장업,쿨당구장,"경기도 부천시 역곡로482번길 19, 3층 (고강동)",
794,당구장업,원피스당구클럽,"경기도 부천시 지양로152번길 13, 3층 (고강동)",032-207-6110
795,당구장업,드림당구클럽,"경기도 부천시 역곡로 480, 지층 (고강동)",070-8777-3949
796,당구장업,따봉당구장,"경기도 부천시 삼작로306번길 6, 지층 (여월동)",
797,당구장업,까리뇨 캐롬 클럽,경기도 부천시 소사로 712 (원종동),
798,당구장업,OK당구클럽,경기도 부천시 까치로 104 (작동),
799,당구장업,작대기 당구장,경기도 부천시 까치로 93 (작동),
800,당구장업,행운 당구장,경기도 부천시 성곡로 69 (여월동),
801,당구장업,에이스당구클럽,"경기도 부천시 소사로 709, 203호 (원종동, 그린메디칼프라자)",
802,당구장업,길 당구클럽,"경기도 부천시 성곡로 96, B1호 (여월동)",
803,당구장업,트윈스 당구클럽,"경기도 부천시 고리울로 9, 2층 203호 (고강동)",
804,당구장업,ABC당구클럽,"경기도 부천시 소사로 719, 관우프라자 6층 601호 (원종동)",
805,당구장업,MC당구클럽,"경기도 부천시 고강로72번길 49, 조광프라자 5층 (고강동)",
806,승마장업,부천승마장,경기도 부천시 원미로281번길 86 (여월동),
