시군명,시설구분명,시설명,소재지지번주소,소재지도로명주소,WGS84위도,WGS84경도
부천시,야구시설,부천 야구장,경기도 부천시 춘의동 48-25,,37.5010914,126.7963577
부천시,야구시설,까치울야구장,경기도 부천시 작동 60-8번지,경기도 부천시 길주로 691,37.507292,126.8192658
부천시,테니스,원미공원테니스장,경기도 부천시 원미동 14-1,경기도 부천시 소사로 457 (원미동),37.4984234,126.7957657
부천시,테니스,시청 테니스장,경기도 부천시 중동 1156,,37.5028451,126.7658519
부천시,테니스,소사1배수지테니스장,경기도 부천시 소사본동 297-5,,37.4694617,126.8040412
부천시,테니스,종합운동장테니스장,경기도 부천시 춘의동 35,경기도 부천시 길주로 486 (춘의동),37.5042894,126.7960435
부천시,테니스,성주산 생활체육공원 테니스장,경기도 부천시 소사본동 1동 산70-4,,37.4724626,126.7889076
부천시,테니스,복사공원테니스장,경기도 부천시 중동 1212,경기도 부천시 장말로293번길 45 (중동),37.4927893,126.7746019
부천시,테니스,석천공원테니스장,경기도 부천시 상동 416번지,경기도 부천시 석천로 85-1 (상동),37.4955898,126.7602773
부천시,테니스,폐기물처리장내 테니스장,경기도 부천시 대장동 607,경기도 부천시 벌말로 122 (대장동),37.5418678,126.7662716
부천시,테니스,원미공원테니스장,경기도 부천시 원미동 14-1,경기도 부천시 소사로 457 (원미동),37.4984234,126.7957657
부천시,테니스,석천공원테니스장,경기도 부천시 상동 416번지,경기도 부천시 석천로 85-1 (상동),37.4955898,126.7602773
부천시,테니스,폐기물처리장내 테니스장,경기도 부천시 대장동 607,경기도 부천시 벌말로 122 (대장동),37.5418678,126.7662716
부천시,테니스,복사공원테니스장,경기도 부천시 중동 1212,경기도 부천시 장말로293번길 45 (중동),37.4927893,126.7746019
부천시,테니스,시청 테니스장,경기도 부천시 중동 1156,,37.5028451,126.7658519
부천시,테니스,소사1배수지테니스장,경기도 부천시 소사본동 297-5,,37.4694617,126.8040412
부천시,테니스,종합운동장테니스장,경기도 부천시 춘의동 35,경기도 부천시 길주로 486 (춘의동),37.5042894,126.7960435
부천시,테니스,성주산 생활체육공원 테니스장,경기도 부천시 소사본동 1동 산70-4,,37.4724626,126.7889076
부천시,수영장,소사국민체육센터 수영장,경기도 부천시 소사본동 400-1번지,경기도 부천시 소사로 108,37.4683524,126.7981547
부천시,수영장,오정레포츠센터 수영장,경기도 부천시 오정동 782,,37.5288411,126.7959079
부천시,구기체육관,부천 체육관,경기도 부천시 중동 1024번지,경기도 부천시 석천로 293,37.5135065,126.7626851
부천시,구기체육관,서촌 다목적체육관,경기도 부천시 상동 466번지,경기도 부천시 부일로 172,37.4882604,126.7496046
부천시,구기체육관,송내사회체육관,경기도 부천시 송내동 457번지,경기도 부천시 경인로120번길 45,37.4819034,126.7690499
부천시,투기,검도장,경기도 부천시 춘의동 8번지,경기도 부천시 소사로 482,37.503069,126.7988742
부천시,체육도장업,청지회에이스태권스쿨,경기도 부천시 중동 1186번지 건영2차상가 4층 ,"경기도 부천시 중동로 166, 4층 (중동, 건영2차상가)",37.494182,126.7680504
부천시,체육도장업,천마체대입시학원,경기도 부천시 상동 541-1번지 603호,"경기도 부천시 상동로 90, 603호 (상동, 메가플러스빌딩)",37.5050636,126.7536872
부천시,체육도장업,복싱체육관,경기도 부천시 중동 1033번지 우신빌딩 403호,"경기도 부천시 길주로 189, 403호 (중동, 우신빌딩)",37.5051199,126.7635263
부천시,체육도장업,힘찬태권도장,경기도 부천시 삼정동 314-1번지,"경기도 부천시 평천로721번길 21, 2층 (삼정동)",37.5160092,126.7706854
부천시,체육도장업,팀태권도,경기도 부천시 중동 5-19번지,"경기도 부천시 계남로 257, 2층 (중동, 동진빌딩)",37.5063186,126.7774108
부천시,체육도장업,해동검도장(검도),경기도 부천시 소사본동 400-2번지 복사골빌딩 302호,"경기도 부천시 소사로 102,  302호 (소사본동,복사골빌딩)",37.4677934,126.7979414
부천시,체육도장업,태풍체육관,경기도 부천시 심곡본동 657-6번지 ,경기도 부천시 경인로216번길 47 (심곡본동),37.4811215,126.779352
부천시,체육도장업,검도교실부천일검관,경기도 부천시 심곡동 160-2번지,경기도 부천시 부천로54번길 26  (심곡동),37.4885924,126.7850737
부천시,체육도장업,인성체육관,경기도 부천시 소사본동 409-4번지 제일프라자 301호,"경기도 부천시 은성로 132,  301호 (소사본동,제일프라자)",37.4729577,126.8041336
부천시,체육도장업,준 복싱클럽,경기도 부천시 상동 545-2번지 맘모스빌딩 405호,"경기도 부천시 소향로13번길 28-14, 405호 (상동, 맘모스빌딩)",37.50473172,126.7501371
부천시,체육도장업,경희대충무태권도체육관,경기도 부천시 소사본동 277-12번지 외7필지 한신아파트 상가 404호,,37.4739604,126.8003778
부천시,체육도장업,경기태권도,경기도 부천시 오정동 574-8번지,경기도 부천시 오정로232번길 26  (오정동),37.5275885,126.785741
부천시,체육도장업,MTA태권도장,경기도 부천시 소사본동 244-84번지,경기도 부천시 은성로 88-1 (소사본동),37.4747085,126.8005227
부천시,체육도장업,연세태권도장,경기도 부천시 고강동 399번지 2층,"경기도 부천시 고리울로52번길 35  (고강동,2층)",37.5255674,126.8214043
부천시,체육도장업,TWT 더위닝팀,"경기도 부천시 상동 573-2번지 송림프라자 203,2호","경기도 부천시 부흥로 2, 203,204호 (상동, 송림프라자)",37.49690383,126.7426322
부천시,체육도장업,연세송일태권도체육관,경기도 부천시 송내동 398-1번지,경기도 부천시 경인로60번길 20  (송내동),37.4827085,126.7616644
부천시,체육도장업,부천시청역PT MS24GYM,경기도 부천시 중동 1033 지하층 101일부호,"경기도 부천시 길주로 189, 지하층 101일부호 (중동, 우신빌딩)",37.50519187,126.7635821
부천시,체육도장업,용인대황룡태권도,경기도 부천시 중동 1039-1번지 은하마을주공@상가동 지층1호,"경기도 부천시 계남로 165, 상가동 지층 1호 (중동, 은하마을주공아파트)",37.5074788,126.7671605
부천시,체육도장업,충호태권도장,경기도 부천시 오정동 571-3 2층 ,"경기도 부천시 부천로476번길 64, 2층 (오정동)",37.52658362,126.7860629
부천시,체육도장업,연세대태권도스포츠YTS본관,경기도 부천시 역곡동 109-19번지 은하빌딩 2층,"경기도 부천시 역곡로20번길 49, 2층 (역곡동, 은하빌딩)",37.4878214,126.8134564
부천시,체육도장업,한국체대 백두산태권도장,경기도 부천시 여월동 335번지 206호,"경기도 부천시 여월로 70, 206호 (여월동)",37.51128989,126.8064638
부천시,체육도장업,나토얀태권도,경기도 부천시 원종동 134-7번지 3층,"경기도 부천시 소사로793번길 22  (원종동,3층)",37.5267553,126.8037421
부천시,체육도장업,용인대 태권도,경기도 부천시 오정동 543번지 401호,"경기도 부천시 오정로 250  (오정동,401호)",37.529482,126.7865161
부천시,체육도장업,태비태권도,경기도 부천시 중동 1030-4번지 지하1층 ,"경기도 부천시 계남로 104, 지하1층 (중동)",37.50845249,126.7603367
부천시,체육도장업,박용호 트레이닝 연구소,경기도 부천시 상동 543-1번지 승재밀레니엄오피스텔 ,"경기도 부천시 소향로 55-15, 승재밀레니엄오피스텔 208호 (상동)",37.50398231,126.7536343
부천시,체육도장업,부천정도태권도,경기도 부천시 송내동 428-20번지,경기도 부천시 중동로 5 (송내동),37.4803701,126.7637183
부천시,체육도장업,역곡경희대태권도체육관,경기도 부천시 역곡동 99-10번지 2층호,"경기도 부천시 역곡로 58,  2층호 (역곡동)",37.4900677,126.8096515
부천시,체육도장업,한국태권도장,경기도 부천시 오정동 140-80번지,경기도 부천시 성곡로 118-15  (오정동),37.5229217,126.7959582
부천시,체육도장업,연세대 튼튼 태권도장,경기도 부천시 소사본동 409-1번지 ,"경기도 부천시 소사동로 78, 401,402호 (소사본동)",37.47281286,126.8032897
부천시,체육도장업,용인대금성태권도장,경기도 부천시 중동 1104번지 2층,"경기도 부천시 옥산로 81, 2층 (중동)",37.5014296,126.7791897
부천시,체육도장업,임흥식 복싱클럽,경기도 부천시 상동 410-3 3층 ,"경기도 부천시 상일로94번길 40, 3층 (상동)",37.48973627,126.7525013
부천시,체육도장업,백호태권도장,경기도 부천시 원미동 94-3번지,경기도 부천시 원미로 124 (원미동),37.493424,126.7912677
부천시,체육도장업,경희대석사비룡태권도장,경기도 부천시 중동 1186번지,"경기도 부천시 중동로 168, 404호 (중동)",37.494182,126.7680504
부천시,체육도장업,백상태권도체육관,경기도 부천시 심곡동 110-1번지,경기도 부천시 부천로103번길 9  (심곡동),37.4934021,126.7841891
부천시,체육도장업,비전 태권도장,경기도 부천시 고강동 295-1번지 4층,"경기도 부천시 원종로 106  (고강동,4층)",37.5238132,126.8117138
부천시,체육도장업,용인대명문체육관,경기도 부천시 삼정동 296-13번지,경기도 부천시 중동로 433  (삼정동),37.5185121,126.7697388
부천시,체육도장업,엘리트 합기도특공무술&태권도,경기도 부천시 옥길동 726-4번지,"경기도 부천시 옥길로 113, 상림프라자 602,603호 (옥길동)",37.4671839,126.8219299
부천시,체육도장업,강무체육도장,경기도 부천시 송내동 612-5번지,경기도 부천시 성주로 128-1  (송내동),37.4793205,126.7705164
부천시,체육도장업,쌍호태권도장,경기도 부천시 고강동 377-29번지 ,"경기도 부천시 역곡로482번길 51, 3,4층 (고강동)",37.5266986,126.8187657
부천시,체육도장업,여의도순복음태권도,경기도 부천시 상동 554-3번지 해피플러스 701호,"경기도 부천시 조마루로85번길 7-44  (상동,해피플러스 701호)",37.501674,126.7528276
부천시,체육도장업,가온키즈펀 태권도,경기도 부천시 원종동 374-4번지 3층 ,"경기도 부천시 삼작로 385, 3층 (원종동)",37.519927,126.804439
부천시,체육도장업,명성체육관,경기도 부천시 중동 884번지,,37.4920707,126.7665757
부천시,체육도장업,김재경 복싱클럽,경기도 부천시 원종동 222번지,경기도 부천시 원종로 30  (원종동),37.5237904,126.8033541
부천시,체육도장업,오상태권도,경기도 부천시 춘의동 216-0002번지 2층,경기도 부천시 계남로 335 2층 (춘의동),37.5010676,126.7831828
부천시,체육도장업,부천현대체육관,경기도 부천시 범박동 154-2 부천 범박 힐스테이트 1단지 상가동 ,"경기도 부천시 범안로 77, 부천 범박 힐스테이트 1단지 상가동 301호 (범박동)",37.47493636,126.8088003
부천시,체육도장업,천권사관태권도장,경기도 부천시 심곡동 357-4번지,경기도 부천시 심중로 48  (심곡동),37.48765,126.7727406
부천시,체육도장업,경희대 코리아 UTC 태권도,경기도 부천시 괴안동 109번지 seco plaza 302,"경기도 부천시 경인로 486  (괴안동,seco plaza 302)",37.4829587,126.8095228
부천시,체육도장업,청무검도관,경기도 부천시 중동 1134-1번지 401반,경기도 부천시 조마루로285번길 60  (중동),37.4999802,126.7751342
부천시,체육도장업,꿈나무태권도,경기도 부천시 상동 523-8번지 외1필지 에이스프라자 402호,"경기도 부천시 도약로 29, 402호 (상동, 에이스프라자)",37.5125933,126.7524971
부천시,체육도장업,부천화랑태권도,경기도 부천시 심곡동 327 ,경기도 부천시 장말로 310 (심곡동),37.49096636,126.7763458
부천시,체육도장업,kosa태권도아카데미,경기도 부천시 상동 546-6번지,경기도 부천시 소향로 25  (상동),37.5038676,126.7505471
부천시,체육도장업,힘찬 태권도,경기도 부천시 삼정동 314-1번지 2층,"경기도 부천시 평천로721번길 21 (삼정동,2층)",37.5160092,126.7706854
부천시,체육도장업,K브레인태권도장,경기도 부천시 약대동 216-1번지,"경기도 부천시 평천로 679, 119동 203호 (약대동)",37.5158728,126.7655506
부천시,체육도장업,금메달체육관(태권),경기도 부천시 송내동 365-5번지,경기도 부천시 경인로53번길 30 (송내동),37.4848437,126.7615784
부천시,체육도장업,용인대신도태권도체육관,경기도 부천시 중동 1172번지,,37.498541,126.7582775
부천시,체육도장업,통일태권도체육관,경기도 부천시 송내동 545-11번지,,37.4843468,126.7699129
부천시,체육도장업,용인대경용태권도장,경기도 부천시 소사본동 400-3번지 305호,"경기도 부천시 소사로102번길 13,  305호 (소사본동)",37.467902,126.7981898
부천시,체육도장업,명지태권도,경기도 부천시 오정동 582-3번지 2층,"경기도 부천시 부천로464번길 43  (오정동,2층)",37.5255881,126.7856563
부천시,체육도장업,동광신체육관,경기도 부천시 상동 541-1번지 메가플러스 603호,"경기도 부천시 상동로 90, 603호 (상동, 메가플러스)",37.5050636,126.7536872
부천시,체육도장업,용인대한국태권도,경기도 부천시 상동 537-2번지 아름다운프라자 201호,"경기도 부천시 송내대로265번길 37, 201호 (상동, 아름다운프라자)",37.5069527,126.7565762
부천시,체육도장업,자존감 태권도장,경기도 부천시 상동 546-10번지 302호,"경기도 부천시 소향로 35, 302호 (상동, 월드프라자)",37.50373464,126.7515542
부천시,체육도장업,역곡 백호 태권도장,경기도 부천시 괴안동 124번지 3층,"경기도 부천시 부광로 23, 3층 (괴안동)",37.4826771,126.8137068
부천시,체육도장업,경희대 펀 태권도장,"경기도 부천시 송내동 315번지 송내역파인푸르지오1단지 G동 107,108호","경기도 부천시 송내대로 16, 지107,108호 (송내동, 송내역파인푸르지오1단지)",37.485405,126.754216
부천시,체육도장업,베스트유소년스포츠클럽,경기도 부천시 범박동 44-8번지,경기도 부천시 범안로 141-10  (범박동),37.4692639,126.8097164
부천시,체육도장업,고리울태권도,경기도 부천시 춘의동 211-1번지 4층,"경기도 부천시 조마루로371번길 60  (춘의동,4층)",37.500595,126.7858305
부천시,체육도장업,부안체육도장(태권),경기도 부천시 괴안동 109-14번지,경기도 부천시 부광로8번길 46  (괴안동),37.4830141,126.810348
부천시,체육도장업,한국체대천마태권도,경기도 부천시 중동 1175-2번지,,37.4964856,126.7666071
부천시,체육도장업,신정체육관,경기도 부천시 괴안동 28-3번지,경기도 부천시 안곡로 7  (괴안동),37.4789295,126.8030777
부천시,체육도장업,해동청체육관,경기도 부천시 원종동 131-4 ,경기도 부천시 원종로29번길 83 (원종동),37.52741961,126.8022728
부천시,체육도장업,버팔로복싱짐,"경기도 부천시 중동 1142-18 301,2호","경기도 부천시 중동로254번길 69, 301,302호 (중동, 뉴월드프라자)",37.50211165,126.7726971
부천시,육상시설,부천종합운동장,경기도 부천시 춘의동 8번지,경기도 부천시 소사로 482,37.503069,126.7988743
부천시,축구시설,북부수자원생태공원내 인조잔디구장,경기도 부천시 대장동 434번지,경기도 부천시 벌말로 220,37.5467016,126.7685761
부천시,축구시설,오정대공원 인조잔디구장,경기도 부천시 오정동 1-3번지,경기도 부천시 상오정로 183,37.529812,126.7946608
부천시,축구시설,종합운동장 보조구장,경기도 부천시 춘의동 8번지,경기도 부천시 소사로 482,37.503069,126.7988743
부천시,축구시설,부천체육관 인조잔디구장,경기도 부천시 중동 1024번지,경기도 부천시 석천로 293,37.5135065,126.7626852
부천시,체육도장업,경희대동우태권도체육관,경기도 부천시 상동 533-2번지 302반,경기도 부천시 상동로117번길 57  (상동),37.5076782,126.7502742
부천시,체육도장업,서울스포츠대학원대부흥도장,경기도 부천시 중동 1039-1번지,경기도 부천시 계남로 165  (중동),37.5074788,126.7671605
부천시,체육도장업,JTA 태권도장,경기도 부천시 중동 1289번지 팰리스카운티 중앙상가 204호 ,"경기도 부천시 중동로 108-2, 204호 (중동, 팰리스카운티 중앙상가)",37.48984732,126.7675778
부천시,체육도장업,Fine Taekwondo,경기도 부천시 원종동 241-11번지 2층,"경기도 부천시 소사로808번길 51  (원종동,2층)",37.5285097,126.8076292
부천시,체육도장업,K.O GYM,경기도 부천시 중동 1138번지 호정프라자 302호,"경기도 부천시 중동로254번길 104, 호정프라자 302호 (중동)",37.50145688,126.7746095
부천시,체육도장업,백호체육관,경기도 부천시 소사본동 244-83번지,경기도 부천시 은성로 88  (소사본동),37.4748796,126.8004883
부천시,체육도장업,정우체육관,경기도 부천시 상동 231-35번지,경기도 부천시 석천로60번길 17 (상동),37.4924858,126.7624358
부천시,체육도장업,용인대 소일체육관,"경기도 부천시 소사본동 400-7번지 청구아파트 상가동 304,305,306호","경기도 부천시 소사로102번길 47 (소사본동, 소사청구아파트)",37.4687694,126.7996005
부천시,체육도장업,석사 경희대 한미 태권도장,경기도 부천시 역곡동 74-136번지 청호빌딩 4층,"경기도 부천시 지봉로 100, 4층 (역곡동)",37.4877622,126.8102906
부천시,체육도장업,엔젤태권도,경기도 부천시 오정동 566-15번지,경기도 부천시 상오정로 27  (오정동),37.5240948,126.786905
부천시,체육도장업,대한신성태권도스쿨,경기도 부천시 심곡본동 678-12번지,경기도 부천시 경인로234번길 37  (심곡본동),37.4813776,126.7813863
부천시,체육도장업,케이맥태권도,경기도 부천시 상동 544-4번지 가나베스트타운쓰리 311호,"경기도 부천시 석천로2번길 83, 4층 (상동)",37.4870655,126.7642397
부천시,체육도장업,용인대 황룡 태권도장,경기도 부천시 소사본동 144-8 ,"경기도 부천시 호현로 447, 2층 (소사본동)",37.47788712,126.7926112
부천시,체육도장업,무림검도관(검도),경기도 부천시 심곡본동 729-4번지,경기도 부천시 성주로 244-1  (심곡본동),37.4801259,126.7817744
부천시,체육도장업,용인대명문태권도,경기도 부천시 송내동 454-11번지 2층,"경기도 부천시 성주로 109  (송내동,2층)",37.4796497,126.7684351
부천시,체육도장업,용인대 도당 유도 체육관,경기도 부천시 도당동 108번지 청오빌딩,"경기도 부천시 삼작로 270, 청오빌딩 4층 (도당동)",37.5199224,126.7914304
부천시,체육도장업,청소년사랑터리더스클럽,경기도 부천시 상동 541-1번지 메가플러스 411호,"경기도 부천시 상동로 90,  411호 (상동,메가플러스)",37.5050636,126.7536872
부천시,체육도장업,피노키오 복싱,경기도 부천시 심곡동 399-8번지 3층,"경기도 부천시 부일로449번길 7, 3층 (심곡동)",37.4865376,126.7799691
부천시,체육도장업,반달태글리쉬,경기도 부천시 상동 403번지 402반,경기도 부천시 부일로205번길 47  (상동),37.4908446,126.7530786
부천시,체육도장업,송원상동유도관,경기도 부천시 상동 537-2번지 501호,"경기도 부천시 송내대로265번길 37, 501호 (상동)",37.5069527,126.7565762
부천시,체육도장업,석사 경희대 태권도장,경기도 부천시 심곡본동 709번지 ,"경기도 부천시 성주로 224, 206호 (심곡본동)",37.4780702,126.7809665
부천시,체육도장업,선 태권도장,경기도 부천시 역곡동 107-8 열린치과 ,"경기도 부천시 지봉로115번길 6, 열린치과 4층 (역곡동)",37.48868204,126.8118974
부천시,체육도장업,동곡태권도전문체육관,경기도 부천시 역곡동 225-6번지 3층,"경기도 부천시 안곡로 247, 3층 (역곡동)",37.4895654,126.816652
부천시,체육도장업,나래태권도장,경기도 부천시 원종동 377-4번지 ,경기도 부천시 성오로 32 (원종동),37.5171508,126.8037676
부천시,체육도장업,PARK'S 영어 태권도,경기도 부천시 상동 544-4번지 가나베스트타운5층 505호,"경기도 부천시 상동로 87  (상동,가나베스트타운5층 505호)",37.5051238,126.7523524
부천시,체육도장업,역곡키즈태권도체육관,경기도 부천시 역곡동 28-3번지,경기도 부천시 지봉로 43-3  (역곡동),37.4855453,126.8045186
부천시,체육도장업,늘푸른태권도장,경기도 부천시 괴안동 108-3번지 삼일빌딩3층,"경기도 부천시 부광로8번길 39  (괴안동,삼일빌딩3층)",37.4828166,126.8108234
부천시,체육도장업,호랑이태권도,"경기도 부천시 상동 534-1번지 승재프라자 604,605호","경기도 부천시 상동로 113, 604~605호 (상동, 승재프라자)",37.5073956,126.7529669
부천시,체육도장업,참태권도체육관,경기도 부천시 소사본동 135번지 소사에스케이뷰아파트 ,"경기도 부천시 소삼로 62, 2층 (소사본동, 소사에스케이뷰아파트)",37.47712256,126.8001319
부천시,체육도장업,아이런클럽,경기도 부천시 소사본동 400-2번지 302호,"경기도 부천시 소사로 102, 302호 (소사본동)",37.4677934,126.7979414
부천시,체육도장업,용인대 준 태권도장,경기도 부천시 내동 330번지,경기도 부천시 부천로410번길 27 (내동),37.5207056,126.7861003
부천시,체육도장업,현대 태권도,"경기도 부천시 중동 1208 계남아카데미 빌딩 502,5호","경기도 부천시 부흥로 256, 5층 502,503호 (중동, 계남아카데미빌딩)",37.49502534,126.7709558
부천시,체육도장업,키즈엘리트태권도장,경기도 부천시 상동 546-4번지 502반,경기도 부천시 소향로13번길 14-22  (상동),37.5039298,126.7501624
부천시,체육도장업,한울태권도,경기도 부천시 심곡본동 648-11번지,경기도 부천시 경인로216번길 78 (심곡본동),37.4797327,126.7786891
부천시,체육도장업,용인대송일백호태권도장,경기도 부천시 송내동 398-1번지 2층,경기도 부천시 경인로60번길 20 (송내동),37.4827085,126.7616644
부천시,체육도장업,정우종합체육관(태권),경기도 부천시 괴안동 109-4번지,경기도 부천시 경인로 492  (괴안동),37.483239,126.8101553
부천시,체육도장업,한국키즈태권도,경기도 부천시 상동 533-11번지,경기도 부천시 길주로77번길 61 (상동),37.5074302,126.7522995
부천시,체육도장업,누리 태권도장,경기도 부천시 소사본동 143-20 ,경기도 부천시 호현로 454 (소사본동),37.47815175,126.7931516
부천시,체육도장업,경희태권도체육관,경기도 부천시 중동 1170번지 포도마을 상가동 3층,"경기도 부천시 조마루로 137, 3층 (중동, 포도마을 상가동)",37.5010113,126.7590724
부천시,체육도장업,홍익태권도장,경기도 부천시 괴안동 70-13번지,경기도 부천시 범안로 26  (괴안동),37.4792328,126.8066269
부천시,체육도장업,용인대튼튼태권도장,경기도 부천시 상동 533-8번지 대림타운 603호,"경기도 부천시 상동로117번길 31, 603호 (상동, 대림타운)",37.5075368,126.7515527
부천시,체육도장업,예의바른태권도장,경기도 부천시 상동 544-11번지 새롬프라자15차 505호,"경기도 부천시 상동로 69, 505호 (상동, 새롬프라자15차)",37.50367292,126.7521877
부천시,체육도장업,대광태권도,경기도 부천시 원종동 229-8번지 401호,"경기도 부천시 소사로 779, 401호 (원종동)",37.5255942,126.8044579
부천시,체육도장업,국가대표 태비 태권도장,경기도 부천시 원미동 103-10 ,"경기도 부천시 조종로 27, 2층 (원미동)",37.49325359,126.7878509
부천시,체육도장업,부천김진호복싱남여다이어트,경기도 부천시 중동 1162-9번지 303호,"경기도 부천시 석천로169번길 30, 303호 (중동, 새롬프라자)",37.502926,126.7612714
부천시,체육도장업,K.T.M 차오름 태권도장,경기도 부천시 중동 1040-5번지 덕유마을 상가 지층호,"경기도 부천시 중동로 329, 덕유마을 상가 지층호 (중동)",37.509204,126.769304
부천시,체육도장업,홍익 태권도,경기도 부천시 원미동 123-1번지 지하층,"경기도 부천시 조종로 28, 지하층 (원미동)",37.4928771,126.7878204
부천시,체육도장업,삼정석사태권도체육관,경기도 부천시 삼정동 307-7번지 2층,"경기도 부천시 중동로420번길 32  (삼정동,2층)",37.5171738,126.7718582
부천시,체육도장업,올림픽 태권도장,경기도 부천시 소사본동 400-9 신한은행소사지점 ,경기도 부천시 소사로102번길 59 (소사본동),37.46906677,126.8008365
부천시,체육도장업,명문체육관,경기도 부천시 상동 236-45번지 3층,"경기도 부천시 장말로 208, 3층 (상동)",37.4924818,126.7648783
부천시,체육도장업,용인대꿈마을태권도장,경기도 부천시 중동 1096-1번지 2층,"경기도 부천시 옥산로 80  (중동,2층)",37.5005408,126.7809113
부천시,체육도장업,라온태권도장,경기도 부천시 원미동 1-8번지 태진빌딩 3층 ,"경기도 부천시 원미로 182, 태진빌딩 3층 (원미동)",37.4984001,126.7927464
부천시,체육도장업,명동체육관,경기도 부천시 상동 239번지 3층,"경기도 부천시 석천로44번길 51, 3층 (상동)",37.4910922,126.7638537
부천시,체육도장업,성무체육도장,경기도 부천시 중동 805-2번지,경기도 부천시 부일로 340 (중동),37.4877302,126.7677201
부천시,체육도장업,원미창조태권도,경기도 부천시 심곡동 800번지 하나리아벨주상복합아파트상가 201호,"경기도 부천시 부흥로 424, 상가층 201호 (심곡동, 하나리아벨주상복합아파트)",37.488343,126.7866574
부천시,체육도장업,부천복싱남녀다이어트,경기도 부천시 상동 400-3번지 ,"경기도 부천시 상일로 92, 201,202호 (상동, 광희빌딩)",37.49120367,126.7524103
부천시,체육도장업,용인대학석사 Y&J태권도장,경기도 부천시 상동 571-6번지 백송마을 풍림아이원 상가동 204~7호,"경기도 부천시 부흥로 51, 상가동 204~207호 (상동)",37.4985109,126.7483035
부천시,체육도장업,용인대 진성태권도,경기도 부천시 원종동 313-10번지 부천프라자5층,"경기도 부천시 원종로 64  (원종동,부천프라자5층)",37.5236791,126.8068725
부천시,체육도장업,용인대심곡태권도체육관,경기도 부천시 심곡본동 701번지,경기도 부천시 성주로 202  (심곡본동),37.4781289,126.77866
부천시,체육도장업,새나라태권도장,경기도 부천시 범박동 35-1 신한은행365 ,"경기도 부천시 범안로 118, 영프러스4층 (범박동)",37.47136799,126.8089689
부천시,체육도장업,힘찬체육관,경기도 부천시 심곡동 188-4번지 2층,"경기도 부천시 부흥로 431, 2층 (심곡동)",37.4881202,126.7879697
부천시,체육도장업,상도꿈나무도장,경기도 부천시 상동 445번지,,37.4930154,126.7570743
부천시,체육도장업,효재태권도,경기도 부천시 상동 399번지 반달마을상가 3층 307호 ,"경기도 부천시 부일로191번길 35, 307호 (상동, 반달마을 상가동)",37.4900638,126.7502431
부천시,체육도장업,도당태권도장,경기도 부천시 도당동 108 청오빌딩 ,"경기도 부천시 삼작로 270, 청오빌딩 302호 (도당동)",37.52003648,126.7914892
부천시,체육도장업,금메달태권도장,경기도 부천시 범박동 155-1번지 홈타운3단지 상가304호,"경기도 부천시 범안로95번길 16 상가 304호 (범박동,부천범박힐스테이트3단지아파트)",37.4725446,126.8103749
부천시,체육도장업,용인대도전체육관(권투),경기도 부천시 상동 235번지 301호(3층),"경기도 부천시 장말로 188, 301호 (상동)",37.4927299,126.7628308
부천시,체육도장업,청도태권도체육관,경기도 부천시 심곡동 296-5번지 2층호,"경기도 부천시 신흥로103번길 13, 2층 (심곡동)",37.4929571,126.7775188
부천시,체육도장업,태비한울태권도장,경기도 부천시 중동 1103번지 꿈마을 상가 201호,"경기도 부천시 옥산로 71, 꿈마을상가동 2층 201~203호 (중동, 꿈마을상가)",37.5000069,126.7796576
부천시,체육도장업,대무체육도장,경기도 부천시 심곡본동 707-5번지,,37.4774554,126.7798491
부천시,체육도장업,꿈나무태권도,경기도 부천시 상동 523-2번지 동양프라자 3층 ,"경기도 부천시 도약로 19, 3층 (상동, 동양프라자)",37.5127622,126.7513882
부천시,체육도장업,M복싱클럽,경기도 부천시 소사본동 278-54번지,경기도 부천시 은성로98번길 64 (소사본동),37.4722684,126.8014337
부천시,체육도장업,현대체육관,경기도 부천시 도당동 67-28번지,경기도 부천시 삼작로256번길 61 (도당동),37.5173159,126.7899673
부천시,체육도장업,청해진,경기도 부천시 춘의동 173-4번지 3층,"경기도 부천시 길주로 364, 3층 (춘의동)",37.5025631,126.7830767
부천시,체육도장업,BEST태권도장,경기도 부천시 송내동 614-3 ,"경기도 부천시 성주로 120, 3층 (송내동)",37.4793785,126.7695923
부천시,체육도장업,꿈마을 정도체육관,경기도 부천시 중동 1096-1번지 2층,"경기도 부천시 옥산로 80  (중동,2층)",37.5005408,126.7809113
부천시,체육도장업,레드복싱클럽,경기도 부천시 역곡동 78-9번지 3층,"경기도 부천시 부일로 719, 3층 (역곡동)",37.4854277,126.8096861
부천시,체육도장업,연세복싱,경기도 부천시 심곡동 93-13번지 3층일부,"경기도 부천시 부천로 107, 3층일부층 (심곡동)",37.4937362,126.7846065
부천시,체육도장업,富天 ACE태권도장,경기도 부천시 심곡동 800번지,경기도 부천시 부흥로 424  (심곡동),37.488343,126.7866574
부천시,체육도장업,한마루 태권play,경기도 부천시 범박동 151-2번지 현대홈타운아파트 5차 단지내 상가 302호,경기도 부천시 범안로 130-21 현대홈타운아파트 5차 단지내 상가 302호 (범박동),37.4689905,126.8078519
부천시,체육도장업,경희태권도,경기도 부천시 소사본동 204-15번지 2층,"경기도 부천시 소사로159번길 6  (소사본동,2층)",37.4725999,126.7951813
부천시,체육도장업,경희대 석사 올림픽 태권도장,경기도 부천시 소사본동 409-6 504호,"경기도 부천시 소사동로72번길 17, 5층 504호 (소사본동, 아크리아Ⅲ)",37.47252504,126.8033941
부천시,체육도장업,도움태권도장,경기도 부천시 도당동 43-2번지 지하1층,"경기도 부천시 수도로 200, 지하1층 (도당동)",37.519401,126.7870995
부천시,체육도장업,이옥성.김정주 복싱다이어트클럽,"경기도 부천시 상동 538-7 다승프라자 203,204호","경기도 부천시 길주로 125, 203~204호 (상동, 다승프라자)",37.50615623,126.7563768
부천시,체육도장업,미리내 천마 태권도,경기도 부천시 중동 1179번지 한신한양금호상가 201호,"경기도 부천시 소향로 228, 201호 (중동, 한신한양금호상가)",37.4998147,126.7734044
부천시,체육도장업,세종태권도,경기도 부천시 내동 31번지,경기도 부천시 신흥로389번길 53  (내동),37.5182557,126.7722395
부천시,체육도장업,라온태권도장,"경기도 부천시 원미동 94-1 순복음성광교회 2,3층 ","경기도 부천시 원미로 130, 순복음성광교회 2,3층 (원미동)",37.49414955,126.7914511
부천시,체육도장업,SN boxing GYM,경기도 부천시 송내동 329-11번지,경기도 부천시 경인로 11 (송내동),37.4832653,126.7564392
부천시,체육도장업,신동아체육관,경기도 부천시 소사본동 180-4번지,경기도 부천시 은성로 36  (소사본동),37.4750133,126.7944624
부천시,체육도장업,상욱미션태권도,경기도 부천시 원종동 138-30번지 부일빌딩  3층,"경기도 부천시 성오로128번길 43-3 (원종동,부일빌딩  3층)",37.5259226,126.8015157
부천시,체육도장업,경찰대태권도,경기도 부천시 상동 536-2번지 503반,경기도 부천시 송내대로265번길 67  (상동),37.5071741,126.7547433
부천시,체육도장업,한울태권도장,경기도 부천시 송내동 372 중동역푸르지오아파트 ,"경기도 부천시 중동로 64, 103,104호 (송내동, 중동역푸르지오아파트)",37.48496235,126.7645046
부천시,체육도장업,원미꿈나무태권도,"경기도 부천시 원미동 151-1번지 두산아파트 단지상가 209,210호","경기도 부천시 원미로144번길 51, 단지상가동 209,210호 (원미동, 두산아파트)",37.4951768,126.7940219
부천시,체육도장업,금메달스포츠클럽,경기도 부천시 역곡동 66-16번지 3층 302호 ,"경기도 부천시 역곡로 51, 3층 302호 (역곡동)",37.4896798,126.8093246
부천시,체육도장업,통일체육관,경기도 부천시 원미동 58-1번지,,37.4964038,126.7898797
부천시,체육도장업,국제태권도체육관,경기도 부천시 도당동 263-29번지 2층,"경기도 부천시 부천로263번길 18  (도당동,2층)",37.5073686,126.7848269
부천시,체육도장업,연세대 꿈나무태권도,경기도 부천시 원종동 375-8번지 501호,"경기도 부천시 소사로 701, 501호 (원종동, 성산빌딩)",37.5185936,126.8045217
부천시,체육도장업,한국체대 상일태권스쿨,경기도 부천시 상동 235 ,"경기도 부천시 장말로 188, 3층 (상동)",37.49283014,126.7629003
부천시,체육도장업,경원대태권도장,경기도 부천시 심곡본동 678-15번지,경기도 부천시 성주로 257 (심곡본동),37.4812071,126.7817373
부천시,체육도장업,쿠바복싱다이어트 클럽 2관,경기도 부천시 심곡동 163-3번지,"경기도 부천시 부천로40번길 18, 3층 (심곡동)",37.487537,126.7843758
부천시,체육도장업,고리울태권도장,경기도 부천시 춘의동 221-28번지 3층,"경기도 부천시 부천로167번길 23, 3층 (춘의동)",37.4992598,126.7849071
부천시,체육도장업,하나 태권도장,"경기도 부천시 심곡동 334-40번지 2층,지층 ","경기도 부천시 장말로294번길 32-3, 2층,지층 (심곡동)",37.48984196,126.774023
부천시,체육도장업,동양태권도장,경기도 부천시 심곡본동 703-12번지,경기도 부천시 심곡로67번길 71  (심곡본동),37.4772641,126.7787417
부천시,체육도장업,용인대 고강 태권도장,경기도 부천시 고강동 358-5번지 상구빌딩 ,"경기도 부천시 고강로154번길 46, 상구빌딩 (고강동)",37.5295333,126.8224355
부천시,체육도장업,극동태권도체육관,경기도 부천시 상동 399번지,,37.4900638,126.7502431
부천시,체육도장업,경희대위너태권도장,경기도 부천시 원종동 209-5 210호,"경기도 부천시 성오로124번길 47, 210호 (원종동)",37.52506736,126.8023173
부천시,체육도장업,한일태권도장,경기도 부천시 괴안동 199번지 3층,"경기도 부천시 경인로587번길 16  (괴안동,3층)",37.4881281,126.8194031
부천시,체육도장업,부천검도관,경기도 부천시 심곡동 368-19번지,경기도 부천시 부흥로 370 (심곡동),37.4916778,126.7823849
부천시,체육도장업,역곡유도회관,경기도 부천시 역곡동 110-14번지,경기도 부천시 역곡로14번길 29  (역곡동),37.4869553,126.8127124
부천시,체육도장업,용인대타이곤태권도장,경기도 부천시 원미동 147-2번지,경기도 부천시 조종로20번길 33 (원미동),37.4916499,126.7867723
부천시,체육도장업,덕산태권도,경기도 부천시 오정동 573-6번지,경기도 부천시 오정로220번길 35  (오정동),37.5267052,126.7855512
부천시,체육도장업,역곡태권도,경기도 부천시 역곡동 34번지 3층,"경기도 부천시 지봉로 48, 3층 (역곡동, 거남빌딩)",37.4860147,126.8050488
부천시,체육도장업,경희대금메달태권도체육관,경기도 부천시 심곡본동 566-1번지 부천아파트 상가동 202호,"경기도 부천시 성주로 226-2, 상가동 202호 (심곡본동)",37.4769266,126.7813542
부천시,체육도장업,열린태권도체육관,경기도 부천시 중동 770-5번지,경기도 부천시 중동로 147 (중동),37.4928726,126.7665506
부천시,체육도장업,역곡트라이스톤,경기도 부천시 역곡동 82-7번지 3층,"경기도 부천시 부일로 745, 3층 (역곡동)",37.4862881,126.8124314
부천시,체육도장업,대일경희대태권도,경기도 부천시 상동 392번지 한아름상가 301호,"경기도 부천시 장말로 71, 상가동 301호 (상동, 한아름마을)",37.495009,126.749661
부천시,체육도장업,태권도백호체육관,경기도 부천시 고강동 310-3번지,경기도 부천시 성지로102번길 38  (고강동),37.5279513,126.8132984
부천시,체육도장업,팰리스 태권도장,경기도 부천시 중동 1288번지 팰리스카운티 ,"경기도 부천시 장말로216번길 3, 팰리스카운티 푸르지오상가 306,307호 (중동)",37.49045576,126.7654615
부천시,체육도장업,경희석사 백호태권도,경기도 부천시 여월동 334번지 여월프라자 5층 501호,"경기도 부천시 여월로 72, 501호 (여월동)",37.5116769,126.8062705
부천시,체육도장업,부천명문태권도,경기도 부천시 삼정동 296-13번지,경기도 부천시 중동로 433 (삼정동),37.5185121,126.7697388
부천시,체육도장업,태양체육관,경기도 부천시 괴안동 169-3번지 2층,"경기도 부천시 경인로 539 (괴안동,2층)",37.4858142,126.8147391
부천시,체육도장업,화랑태권도장,경기도 부천시 중동 749-16번지,경기도 부천시 중동로 159  (중동),37.4940085,126.7668863
부천시,체육도장업,BEAT복싱 역곡관,경기도 부천시 괴안동 167-16번지 ,"경기도 부천시 경인로536번길 49, 2층 (괴안동)",37.48437544,126.8164614
부천시,체육도장업,K-가온태권도장,경기도 부천시 괴안동 70-14번지 2층 ,"경기도 부천시 안곡로 37, 2층 (괴안동)",37.47929417,126.8064529
부천시,체육도장업,부천풍산복싱체육관,경기도 부천시 심곡본동 532-11번지 ,"경기도 부천시 경인로 183, 6층 (심곡본동)",37.48401586,126.775748
부천시,체육도장업,설악태권도아카데미,경기도 부천시 중동 1051-1번지,경기도 부천시 중동로 326 (중동),37.5086736,126.7699051
부천시,체육도장업,수방사 신화권투체육관,경기도 부천시 원종동 231번지 부원빌딩 지하1동 ,"경기도 부천시 소사로808번길 6, 지하1동 (원종동,부원빌딩)",37.5279289,126.8051305
부천시,체육도장업,꿈나무체육관(태권),경기도 부천시 송내동 333-1번지,경기도 부천시 송내대로30번길 82  (송내동),37.4856827,126.7577428
부천시,체육도장업,경희대석사스카이태권도,경기도 부천시 소사본동 409-6번지 504호,"경기도 부천시 소사동로72번길 17,  504호 (소사본동)",37.4724608,126.8033549
부천시,체육도장업,올림픽태권도장,경기도 부천시 중동 1051-1번지 단지내상가 302호,"경기도 부천시 중동로 326, 단지내상가동 302호 (중동)",37.5086736,126.7699051
부천시,체육도장업,역곡M복싱클럽,경기도 부천시 괴안동 114-7번지 ,"경기도 부천시 경인로 512, 3층 (괴안동)",37.4840712,126.8121543
부천시,체육도장업,부천왕호태권도장,경기도 부천시 괴안동 248-1번지 ,"경기도 부천시 부광로 56, 양지프라자 2층 (괴안동)",37.48001208,126.8148555
부천시,체육도장업,경희대큰나무태권도체육관,경기도 부천시 상동 557-3번지 늘푸른종합상가 403호,"경기도 부천시 조마루로 87, 403호 (상동, 늘푸른종합상가)",37.50059423,126.7534646
부천시,체육도장업,경희대 신어태권도장,경기도 부천시 원미동 83-9번지 2층호,"경기도 부천시 조마루로412번길 44, 2층 (원미동)",37.4955373,126.7890227
부천시,체육도장업,연세대준태권도장,경기도 부천시 원종동 70-1번지 동문아파트 상가 3층 2호,"경기도 부천시 소사로835번길 7 상가 3층 2호 (원종동,동문1차아파트)",37.5305671,126.8041279
부천시,체육도장업,역곡유도회관,경기도 부천시 역곡동 111-7번지 지하호,"경기도 부천시 부일로 757, 지하층 (역곡동)",37.4867045,126.8136514
부천시,체육도장업,JWC영어태권도장,경기도 부천시 중동 1056번지 제일프라자 ,"경기도 부천시 길주로 243, 제일프라자 204호 (중동)",37.50448362,126.769692
부천시,체육도장업,wawa이지유도클럽,경기도 부천시 상동 533-11 부건프라자 ,"경기도 부천시 길주로77번길 61, 부건프라자 501호 (상동)",37.50752809,126.7523805
부천시,체육도장업,CH복싱&크로스핏,경기도 부천시 원종동 222번지,경기도 부천시 원종로 30 (원종동),37.5237904,126.8033541
부천시,체육도장업,석천태권도체육관,경기도 부천시 상동 534-2번지 611반,경기도 부천시 상동로 109  (상동),37.5069269,126.7528893
부천시,체육도장업,용인대도전체육관(태권도),경기도 부천시 상동 235번지 301호(3층),"경기도 부천시 장말로 188, 301호 (상동)",37.4927299,126.7628308
부천시,체육도장업,상동검도관,경기도 부천시 상동 546-10 501반 ,"경기도 부천시 소향로 35, 501호 (상동)",37.50383666,126.7516027
부천시,체육도장업,백호 태권도,경기도 부천시 작동 71-5번지 2층,"경기도 부천시 까치로 86  (작동,2층)",37.5139572,126.8067396
부천시,체육도장업,최강태권도체육관,경기도 부천시 여월동 48-43번지 2층,"경기도 부천시 성오로 3  (여월동,2층)",37.5147281,126.8043736
부천시,체육도장업,한국체대 비전태권도,경기도 부천시 원종동 206-3번지,경기도 부천시 원종로 7  (원종동),37.5241733,126.8007399
부천시,체육도장업,우슈격투기비호관,경기도 부천시 춘의동 131-2번지 3층,"경기도 부천시 옥산로 138, 3층 (춘의동)",37.5056486,126.780489
부천시,체육도장업,검도스쿨중동점,"경기도 부천시 중동 1058-1 신명타운605,606호 ","경기도 부천시 길주로 273, 605~606호 (중동)",37.50398732,126.7728373
부천시,체육도장업,파이널 유도 멀티짐,경기도 부천시 송내동 586번지 4층,"경기도 부천시 경인로 132, 4층 (송내동)",37.48368,126.769881
부천시,체육도장업,퍼펙복싱,경기도 부천시 심곡본동 688-2번지,경기도 부천시 성주로 239 (심곡본동),37.4796837,126.78138
부천시,체육도장업,박사경희대태권도교육관 상인초점,경기도 부천시 상동 526-1 ,"경기도 부천시 도약로 54, 202, 205, 206호 (상동)",37.51190856,126.7552221
부천시,체육도장업,부광태권도,경기도 부천시 심곡동 181-12번지 3층,"경기도 부천시 부흥로 407  (심곡동,3층)",37.4896212,126.785964
부천시,체육도장업,소사체육관(태권),경기도 부천시 소사본동 199-20번지,경기도 부천시 소사로170번길 62 (소사본동),37.4731831,126.7989102
부천시,체육도장업,대한검도 검학당,경기도 부천시 상동 536-2번지 월드컵타운 6층 603호,"경기도 부천시 송내대로265번길 67, 603호 (상동, 월드컵타운)",37.5071741,126.7547433
부천시,체육도장업,세종태권도,경기도 부천시 내동 31 ,경기도 부천시 신흥로389번길 53 (내동),37.5182557,126.7722395
부천시,체육도장업,용인대한국키즈태권도,경기도 부천시 상동 533-11번지 부건프라자 501호,"경기도 부천시 길주로77번길 61, 501호 (상동, 부건프라자)",37.5074302,126.7522995
부천시,체육도장업,명성체육관,경기도 부천시 고강동 399번지,경기도 부천시 고리울로52번길 35  (고강동),37.5255674,126.8214043
부천시,체육도장업,뉴서울체육관,경기도 부천시 송내동 368번지 뉴서울상가 2층 219호,,37.4857109,126.7627176
부천시,체육도장업,금메달 체육관,경기도 부천시 고강동 390-3번지,경기도 부천시 고리울로51번길 7 (고강동),37.5275318,126.8216032
부천시,체육도장업,정인 태권도체육관,경기도 부천시 역곡동 212-2번지 한국아파트 상가 303호,"경기도 부천시 안곡로 292 상가 303호 (역곡동,한국아파트)",37.4927861,126.8135683
부천시,체육도장업,베스트 체대입시,경기도 부천시 소사본동 75-3번지,경기도 부천시 경인옛로 27  (소사본동),37.4809066,126.7948757
부천시,체육도장업,청무검도관,경기도 부천시 중동 1134-1번지 상지프라자 401호,"경기도 부천시 조마루로285번길 60, 401호 (중동, 상지프라자)",37.4999802,126.7751342
부천시,체육도장업,용승태권도체육관,경기도 부천시 소사본동 222-46번지 3층,"경기도 부천시 은성로62번길 111 (소사본동,3층)",37.4702075,126.7975731
부천시,체육도장업,태권도 영광체육관,경기도 부천시 상동 408-3번지 우신프라자 702호,"경기도 부천시 부일로191번길 26, 702호 (상동, 우신프라자)",37.489679,126.7514995
부천시,체육도장업,정무문쿵후체육관,경기도 부천시 심곡동 131-38번지 ,경기도 부천시 부일로517번길 22 (심곡동),37.48593085,126.7879873
부천시,체육도장업,청룡체육관,경기도 부천시 춘의동 222-13번지,경기도 부천시 조마루로 365  (춘의동),37.4983129,126.7844122
부천시,체육도장업,경희대석사위브태권도,경기도 부천시 중동 1111번지 위브더스테이트 상가 6동 209호,"경기도 부천시 신흥로 170-1, 6동 209호 (중동,위브더스테이트 상가)",37.4986532,126.7785195
부천시,체육도장업,태양복싱 다이어트,경기도 부천시 고강동 310-3번지 ,"경기도 부천시 성지로102번길 38, 지층 (고강동)",37.5279513,126.8132984
부천시,체육도장업,권영택유도교실,경기도 부천시 소사본동 233-30번지 2층,"경기도 부천시 소사로 143  (소사본동,2층)",37.4708795,126.7954687
부천시,체육도장업,용인대한얼태권도장,경기도 부천시 중동 765-1번지 3층,"경기도 부천시 장말로175번길 8-4  (중동,3층)",37.4934033,126.7616866
부천시,체육도장업,동신체육관,경기도 부천시 괴안동 199-2번지,경기도 부천시 경인로597번길 10 (괴안동),37.4882372,126.8200474
부천시,체육도장업,베스트 스포츠 클럽,경기도 부천시 범박동 44-16 보람월드프라자 ,"경기도 부천시 범안로 133, 보람월드프라자 5층 (범박동)",37.46984716,126.80939
부천시,체육도장업,검도스쿨원미관,경기도 부천시 상동 546-6번지 801반,경기도 부천시 소향로 25  (상동),37.5038676,126.7505471
부천시,체육도장업,부천검도관,경기도 부천시 심곡동 146-15번지 3층호,"경기도 부천시 부일로 495, 3층 (심곡동)",37.48565562,126.7852971
부천시,체육도장업,신성태권도,경기도 부천시 도당동 128번지,경기도 부천시 삼작로292번길 21-4 (도당동),37.519089,126.7939666
부천시,체육도장업,중동신인복싱클럽,"경기도 부천시 중동 1162-4번지 중동프라자 203,204호","경기도 부천시 석천로 171, 203~204호 (중동, 중동프라자)",37.5027571,126.7624368
부천시,체육도장업,금강태권도,경기도 부천시 중동 1027-2번지 예일빌딩 1층,"경기도 부천시 도약로 112  (중동,예일빌딩 1층)",37.5109278,126.7617999
부천시,체육도장업,화랑태권도,경기도 부천시 고강동 459-2번지 2층,,37.5253414,126.8151603
부천시,체육도장업,즐거운태권도,경기도 부천시 괴안동 204-5 삼익세라믹아파트 ,"경기도 부천시 소안로 20, 상가2층호 (괴안동, 삼익세라믹아파트)",37.47515138,126.8024424
부천시,체육도장업,베스트태권도장,경기도 부천시 범박동 152-2번지 상가동 301호,"경기도 부천시 범안로96번길 29, 상가동 301호 (범박동, 현대홈타운)",37.47273878,126.8075539
부천시,체육도장업,도원태권도체육관,경기도 부천시 심곡본동 630-25번지 ,"경기도 부천시 심곡로77번길 5, 2층 (심곡본동)",37.4770411,126.7751926
부천시,체육도장업,예스복싱클럽,경기도 부천시 중동 1079-1번지 뉴월드타워 701~702호,"경기도 부천시 길주로 315, 701~702호 (중동, 뉴월드타워)",37.5032914,126.7775217
부천시,체육도장업,맑음 태권도,경기도 부천시 상동 557-1번지 5층호,"경기도 부천시 조마루로85번길 18, 5층 (상동)",37.50095451,126.7534068
부천시,체육도장업,고려태권도세상,"경기도 부천시 상동 533-3번지 504,505호","경기도 부천시 상동로117번길 49  (상동,504,505호)",37.5076516,126.7505005
부천시,체육도장업,제일호키태권도,경기도 부천시 괴안동 166-4번지 2층,"경기도 부천시 경인로536번길 52  (괴안동,2층)",37.4839882,126.8166319
부천시,체육도장업,연세대꿈나무태권도장,경기도 부천시 심곡본동 703-9번지 아람빌딩 ,"경기도 부천시 성주로200번길 19, 아람빌딩 (심곡본동)",37.4774618,126.7784924
부천시,체육도장업,중동태권도,"경기도 부천시 중동 1208번지 계남아카데미빌딩 502,503호","경기도 부천시 부흥로 256, 502~503호 (중동, 계남아카데미빌딩)",37.4949262,126.7707733
부천시,체육도장업,슈퍼아이태권도장,경기도 부천시 중동 1103번지 ,"경기도 부천시 옥산로 71, 201, 203호 (중동, 꿈마을상가)",37.5000069,126.7796576
부천시,체육도장업,노블레스 태권도,경기도 부천시 송내동 504번지 2층,"경기도 부천시 중동로70번길 15, 2층 (송내동)",37.4861762,126.7655541
부천시,체육도장업,용인대 전진체육관,경기도 부천시 소사본동 195-1번지 3층 1호,"경기도 부천시 은성로 66,  1호 (소사본동,3층)",37.4749834,126.7979331
부천시,체육도장업,용인대 국가대표 태권도,"경기도 부천시 도당동 63-9번지 2,3층","경기도 부천시 삼작로256번길 11-22, 2,3층 (도당동)",37.5195612,126.7909903
부천시,체육도장업,부안 태권도장,경기도 부천시 괴안동 100-48 ,경기도 부천시 경인로484번길 82 (괴안동),37.4800257,126.8113208
부천시,체육도장업,연세태권도체육관,경기도 부천시 소사본동 174-10번지,경기도 부천시 호현로 417-1  (소사본동),37.4750177,126.7918509
부천시,체육도장업,C.M. 복싱,경기도 부천시 오정동 207-8번지 5층,"경기도 부천시 오정로 209-4, 5층 (오정동)",37.5273941,126.782936
부천시,체육도장업,SL태권도장,경기도 부천시 도당동 105-4번지 2층,"경기도 부천시 성곡로69번길 93, 2층 (도당동)",37.5185906,126.7923844
부천시,체육도장업,봉황태권도장,경기도 부천시 소사본동 159-48번지,경기도 부천시 은성로 57 (소사본동),37.475234,126.7969941
부천시,체육도장업,경희대충무태권도,경기도 부천시 상동 318-4번지 3층,"경기도 부천시 부일로297번길 3, 3층 (상동)",37.4884864,126.7629349
부천시,체육도장업,한체대리틀태권도,경기도 부천시 송내동 370번지 외 1필지,"경기도 부천시 중동로 71  (송내동,외 1필지)",37.4861822,126.7640729
부천시,체육도장업,경희대힘찬태권도장,경기도 부천시 도당동 42-4번지 2층호,"경기도 부천시 수도로 190, 2층 (도당동)",37.5189486,126.7860715
부천시,체육도장업,행복한 동행 삼성태권도장,경기도 부천시 오정동 192-8 ,"경기도 부천시 오정로252번길 16, 3층 (오정동)",37.52958377,126.7873359
부천시,체육도장업,경희대현대태권도,"경기도 부천시 범박동 154-2번지 현대홈타운1단지상가 301,302",,37.4745436,126.8096576
부천시,체육도장업,경희대석사 삼손참태권도장,경기도 부천시 원미동 122-4번지 4층 ,"경기도 부천시 조종로 34, 4층 (원미동)",37.49278803,126.7883295
부천시,체육도장업,고려태권도,경기도 부천시 약대동 91-3번지,"경기도 부천시 평천로 708, 6층 (약대동)",37.5147274,126.7694904
부천시,체육도장업,VICTOR MMA 아카데미,경기도 부천시 상동 545-8번지,"경기도 부천시 소향로37번길 31-17, 6층 (상동, 유원프라자)",37.5046793,126.7509402
부천시,체육도장업,백인태권도체육관,경기도 부천시 중동 1031-3번지,경기도 부천시 길주로 183 (중동),37.5051998,126.7629153
부천시,체육도장업,용인대 대동 태권도,경기도 부천시 심곡동 92-13번지 2층,"경기도 부천시 조마루로366번길 67, 2층 (심곡동)",37.4955715,126.7831085
부천시,체육도장업,홍익태권도장,경기도 부천시 괴안동 70-13번지,경기도 부천시 범안로 26 (괴안동),37.4792328,126.8066269
부천시,체육도장업,경희대 전진 태권도장,경기도 부천시 소사본동 194-18번지,경기도 부천시 소사로170번길 45 (소사본동),37.4733798,126.7980505
부천시,체육도장업,유성체육관,경기도 부천시 상동 536-4번지 506반,경기도 부천시 송내대로265번길 59  (상동),37.507094,126.7552186
부천시,체육도장업,청림태권도,경기도 부천시 작동 32-11번지,경기도 부천시 삼작로 485  (작동),37.5187285,126.8153805
부천시,체육도장업,금강태권도체육관,경기도 부천시 고강동 411-3번지 2층,"경기도 부천시 역곡로490번길 145  (고강동,2층)",37.5274278,126.824262
부천시,체육도장업,고려라온태권도장,경기도 부천시 중동 1172번지 301호,"경기도 부천시 부흥로 133, 301호 (중동)",37.49854103,126.7582775
부천시,체육도장업,중동체육관,경기도 부천시 중동 1129번지 이스트타원 5층,"경기도 부천시 조마루로285번길 34  (중동,이스트타원 5층)",37.4989267,126.7754427
부천시,체육도장업,금메달태권도체육관,경기도 부천시 괴안동 119,경기도 부천시 경인로498번길 77 (괴안동),37.4808738,126.8128521
부천시,체육도장업,경희 체대입시 & 유소년 스포츠클럽,경기도 부천시 송내동 450-1번지 현대종합상가 401호,"경기도 부천시 성주로 84, 4층 401호 (송내동, 현대아파트종합상가)",37.4793734,126.765406
부천시,체육도장업,용인대유도체육관,경기도 부천시 중동 711-12번지 현진빌딩,"경기도 부천시 중동로171번길 34, 현진빌딩 지하1층 (중동)",37.4954831,126.7653776
부천시,체육도장업,해병대태권도체육관,경기도 부천시 범박동 155-2번지 리치모아상가 512호,"경기도 부천시 범안로 117  (범박동,리치모아상가 512호)",37.4711289,126.8097116
부천시,체육도장업,위브꿈나무태권도,경기도 부천시 약대동 175번지 비동 2층,"경기도 부천시 도약로 207, 비동 2층 (약대동)",37.5107603,126.7726923
부천시,체육도장업,화랑태권스쿨,경기도 부천시 내동 326번지,경기도 부천시 삼작로 221  (내동),37.5202281,126.7861356
부천시,체육도장업,원광체육관,경기도 부천시 상동 239번지,경기도 부천시 석천로44번길 51  (상동),37.4910922,126.7638537
부천시,체육도장업,새나라태권도장,경기도 부천시 원종동 265-3번지 3층,"경기도 부천시 소사로794번길 27 (원종동,3층)",37.5275344,126.8063194
부천시,체육도장업,용인대S&S태권도장,경기도 부천시 중동 1027-2번지 왕성빌딩 101호,"경기도 부천시 도약로 112, 101호 (중동, 왕성빌딩)",37.5109278,126.7617999
부천시,체육도장업,대명체육관,경기도 부천시 원종동 138-1번지,,37.5264787,126.8000775
부천시,체육도장업,키즈펀태권도,경기도 부천시 송내동 369번지 301호,"경기도 부천시 경인로53번길 42, 301호 (송내동)",37.4853486,126.761769
부천시,체육도장업,태권도필승도장,경기도 부천시 원종동 372-2번지 ,경기도 부천시 삼작로396번길 18-1 (원종동),37.51895554,126.8054031
부천시,체육도장업,정우태권도체육관,경기도 부천시 고강동 369번지 ,경기도 부천시 고리울로 9 (고강동),37.5279842,126.8170203
부천시,체육도장업,경희대대웅태권도체육관,"경기도 부천시 심곡동 188-4번지 2층,3층호","경기도 부천시 부흥로 431, 2층3층 (심곡동)",37.48812023,126.7879698
부천시,체육도장업,MTA태권도,경기도 부천시 원미동 147-2번지,"경기도 부천시 조종로20번길 33, 3층 (원미동)",37.4916499,126.7867723
부천시,체육도장업,명성태권도체육관,경기도 부천시 괴안동 124-83번지 명성빌딩 301호,,37.48257,126.8143516
부천시,체육도장업,나토얀 체육관,경기도 부천시 원종동 134-7번지 수정상가 3층동 3호호,"경기도 부천시 소사로793번길 22, 3층동 3호호 (원종동,수정상가)",37.5267553,126.8037421
부천시,체육도장업,중앙태권도,경기도 부천시 중동 1152-3번지 메트로팰리스 비동 202호,"경기도 부천시 소향로 203, 비동 202호 (중동, 메트로팰리스)",37.501286,126.7701882
부천시,체육도장업,경희대정훈태권도,경기도 부천시 오정동 543 신오빌딩 401호,"경기도 부천시 오정로 250, 401호 (오정동, 신오빌딩)",37.52955188,126.7865326
부천시,체육도장업,국민엘리트체육관,경기도 부천시 심곡동 131-37번지,경기도 부천시 원미로31번길 6  (심곡동),37.4855992,126.7889606
부천시,체육도장업,MTA 태권도장,경기도 부천시 옥길동 726-2번지,"경기도 부천시 옥길로 121, 6층 601,602,603호 (옥길동, 씨티프라자)",37.4676259,126.8222905
부천시,체육도장업,상동용인대태권도체육관,경기도 부천시 상동 546-2번지 502호,"경기도 부천시 소향로 17,  502호 (상동)",37.5039828,126.7496307
부천시,체육도장업,중앙태권도체육관,경기도 부천시 중동 1099-2번지 2층,,37.4950372,126.7816626
부천시,체육도장업,비룡체육관,경기도 부천시 상동 535-3번지 502반,경기도 부천시 상동로 112  (상동),37.5069019,126.7538281
부천시,체육도장업,체대전진태권도,경기도 부천시 중동 1058-1번지 306반,경기도 부천시 길주로 273  (중동),37.503895,126.7727699
부천시,체육도장업,예전태권도,경기도 부천시 고강동 325-9번지 ,경기도 부천시 고리울로 92 (고강동),37.526818,126.8261866
부천시,체육도장업,경희대 효(孝)태권도장,경기도 부천시 송내동 373번지 대우프라자 ,"경기도 부천시 중동로 48, 대우프라자 604호 (송내동)",37.4842633,126.7641921
부천시,체육도장업,한미체육관,경기도 부천시 역곡동 110-14번지,경기도 부천시 역곡로14번길 29  (역곡동),37.4869553,126.8127124
부천시,체육도장업,용인대 일출 태권도장,경기도 부천시 원종동 141-17번지 3층,"경기도 부천시 성오로 127 (원종동,3층)",37.5247565,126.7993242
부천시,체육도장업,신인 권투체육관,경기도 부천시 중동 1163-3번지 301호,"경기도 부천시 석천로183번길 15,  301호 (중동)",37.5037023,126.7620267
부천시,체육도장업,경희대국제체육관,경기도 부천시 춘의동 491번지 우민늘사랑아파트 106동 201호,"경기도 부천시 계남로301번길 51, 2층 (춘의동, 춘의동우민늘사랑아파트)",37.5050703,126.7843812
부천시,체육도장업,고려튼튼태권도체육관,경기도 부천시 원종동 244-7번지,경기도 부천시 소사로862번길 89  (원종동),37.528896,126.806938
부천시,체육도장업,한국체육관(태권도),경기도 부천시 괴안동 72-1번지,경기도 부천시 범안로 42  (괴안동),37.4778733,126.8072183
부천시,체육도장업,자올태권도,경기도 부천시 중동 1295-2번지 2층호,"경기도 부천시 정주로 39, 2층 (중동)",37.5081207,126.7775185
부천시,체육도장업,고강 신흥태권도장,경기도 부천시 고강동 411-3번지 남평빌딩 ,"경기도 부천시 역곡로490번길 145, 남평빌딩 (고강동)",37.52742783,126.824262
부천시,체육도장업,중동 힘찬 태권도장,경기도 부천시 중동 1289번지 아이파크상가 214호,"경기도 부천시 중동로 100, 214호 (중동, 아이파크상가)",37.4898473,126.7675778
부천시,체육도장업,삼손태권도,경기도 부천시 심곡본동 688-2 ,"경기도 부천시 성주로 239, 4층 (심곡본동)",37.47976671,126.7814529
부천시,체육도장업,한국체대리틀태권도,경기도 부천시 송내동 504번지,경기도 부천시 중동로70번길 15 (송내동),37.4861762,126.7655541
부천시,체육도장업,우리태권도장,경기도 부천시 상동 523-8번지 402반,경기도 부천시 도약로 29  (상동),37.5125933,126.7524971
부천시,체육도장업,금메달 태권도,경기도 부천시 역곡동 70-2번지,경기도 부천시 지봉로83번길 25  (역곡동),37.4882899,126.8078809
부천시,체육도장업,부천정도태권도,경기도 부천시 송내동 453-29번지,경기도 부천시 성주로68번가길 4 (송내동),37.4793437,126.7640834
부천시,체육도장업,거북진호,경기도 부천시 춘의동 131-26번지,경기도 부천시 옥산로138번길 8  (춘의동),37.5056492,126.7807718
부천시,체육도장업,파인태권도장,경기도 부천시 원종동 244-7번지 2층호,"경기도 부천시 소사로862번길 89, 2층 (원종동)",37.528896,126.8069381
부천시,체육도장업,부천신중동유도관,경기도 부천시 약대동 169-86번지,"경기도 부천시 도약로 213, 지하1층 (약대동)",37.5105633,126.7732698
부천시,체육도장업,독수리체육관,경기도 부천시 원종동 262-2번지 3층,"경기도 부천시 소사로 816  (원종동,3층)",37.5289289,126.8050713
부천시,체육도장업,박사경희대태권도교육관,경기도 부천시 상동 536-6번지 501반 ,"경기도 부천시 송내대로265번길 53, 501호 (상동, 보람씨티프라자)",37.50725723,126.7556931
부천시,체육도장업,경희대 펀 태권도,경기도 부천시 송내동 368번지 부천스포츠센터 ,"경기도 부천시 중동로71번길 43, 부천스포츠센터 (송내동)",37.4857109,126.7627176
부천시,체육도장업,부곡체육관,경기도 부천시 중동 1203-7번지 ,경기도 부천시 심중로114번길 35 (중동),37.4929829,126.7722154
부천시,체육도장업,코리아체육관,경기도 부천시 원미동 157-16번지 4층호,"경기도 부천시 원미로124번길 33-26,  4층호 (원미동)",37.4945358,126.7933
부천시,체육도장업,탑 태권도장,경기도 부천시 괴안동 119-9번지,"경기도 부천시 부광로 40, 201호 (괴안동, 노블하우스)",37.4812364,126.8142418
부천시,체육도장업,코리아태권도,경기도 부천시 괴안동 40-5번지,경기도 부천시 범안로 14  (괴안동),37.4800423,126.8057655
부천시,체육도장업,상지올림픽체육관,경기도 부천시 중동 735-9번지,경기도 부천시 석천로78번길 55 (중동),37.4940389,126.7641044
부천시,체육도장업,한빛체육관,경기도 부천시 원종동 209-4번지,경기도 부천시 소사로775번길 53  (원종동),37.5251212,126.8018233
부천시,체육도장업,GMTA 태권도체육관,경기도 부천시 범박동 155-1번지 현대홈타운3단지상가 304호,"경기도 부천시 범안로95번길 16, 304호 (범박동)",37.4725446,126.8103749
부천시,체육도장업,하나체육관,경기도 부천시 심곡동 345-10번지,경기도 부천시 부일로391번길 37  (심곡동),37.4887873,126.7738
부천시,체육도장업,도당체육관,경기도 부천시 도당동 108번지 3층호,"경기도 부천시 삼작로 270, 3층 (도당동)",37.5199224,126.7914304
부천시,체육도장업,베스트체대입시,경기도 부천시 범박동 44-16번지,경기도 부천시 범안로 133  (범박동),37.4696778,126.8093762
부천시,체육도장업,우성태권도체육관,경기도 부천시 원종동 292-18번지,경기도 부천시 원종로93번길 27  (원종동),37.5251441,126.8101606
부천시,체육도장업,용인대 석사 한별태권도장,경기도 부천시 역곡동 108-5 2층 ,"경기도 부천시 부일로763번길 47, 2층 (역곡동)",37.48867987,126.8130739
부천시,체육도장업,우리아이 태권도,경기도 부천시 고강동 377-30번지 3층,"경기도 부천시 역곡로482번길 47 (고강동,3층)",37.5267343,126.8185733
부천시,체육도장업,중흥다윗태권도장,경기도 부천시 중동 1052-2번지 402호,"경기도 부천시 계남로 208, 402호 (중동)",37.5068398,126.772071
부천시,체육도장업,SP복싱무브먼트,경기도 부천시 중동 1158-6번지 씨티원프라자 302호,"경기도 부천시 석천로184번길 28, 302호 (중동)",37.5034009,126.7644365
부천시,체육도장업,정글인유아스포츠단,경기도 부천시 중동 1031-3번지 6층호,"경기도 부천시 길주로 183,  6층호 (중동)",37.5051998,126.7629153
부천시,체육도장업,대한검도검무관,경기도 부천시 삼정동 294-11번지,경기도 부천시 중동로 409  (삼정동),37.5163407,126.7697456
부천시,체육도장업,참 태권도장,경기도 부천시 상동 559-3번지 세종프라자 401호 ,"경기도 부천시 조마루로 105, 401호 (상동, 세종프라자)",37.50031897,126.755388
부천시,체육도장업,한양태권도체육관,경기도 부천시 송내동 609-10번지 ,경기도 부천시 성주로 125-1 (송내동),37.4796265,126.7703571
부천시,체육도장업,인하코리아태권도장,경기도 부천시 오정동 582-3번지 2층 ,경기도 부천시 부천로464번길 43 (오정동),37.5255881,126.7856563
부천시,체육도장업,부일체육관,경기도 부천시 원미동 1-3번지,경기도 부천시 원미로 196 (원미동),37.4998427,126.7932965
부천시,체육도장업,기검체육관,경기도 부천시 소사본동 161-20번지,경기도 부천시 은성로 39-1  (소사본동),37.4752667,126.7951061
부천시,체육도장업,왕호태권도장,경기도 부천시 상동 397번지 211반 반달마을호,"경기도 부천시 상일로 69, 상가동 211호 (상동, 반달마을)",37.49267615,126.7499968
부천시,체육도장업,베스트 체대입시,경기도 부천시 소사본동 75-3번지,경기도 부천시 경인옛로 27  (소사본동),37.4809066,126.7948757
부천시,체육도장업,세종태권도체육관,경기도 부천시 심곡동 427-24번지,경기도 부천시 장말로 345  (심곡동),37.4905928,126.7803528
부천시,체육도장업,부천 라온태권도,경기도 부천시 삼정동 318-10번지 2층호,"경기도 부천시 수도로 65, 2층 (삼정동)",37.5144555,126.7732691
부천시,체육도장업,화랑태권도장,경기도 부천시 원종동 211-4번지,경기도 부천시 원종로23번길 11  (원종동),37.5244012,126.8023004
부천시,체육도장업,삼손태권도,경기도 부천시 심곡본동 678-13 ,"경기도 부천시 경인로234번길 41, 3층 (심곡본동)",37.48133476,126.781404
부천시,체육도장업,경희대대한태권도장,경기도 부천시 원미동 151-1번지 207호,"경기도 부천시 원미로144번길 45, 207호 (원미동, 두산아파트)",37.49517685,126.794022
부천시,체육도장업,행복한 동행 정진태권도장,경기도 부천시 고강동 377-30번지,"경기도 부천시 역곡로482번길 47, 3층 (고강동)",37.5267343,126.8185733
부천시,체육도장업,경희태권도,경기도 부천시 중동 1134-2번지 404호,"경기도 부천시 조마루로285번길 50, 404호 (중동)",37.49962,126.7752484
부천시,체육도장업,경희대 최강 태권도장,경기도 부천시 상동 393 201~202 ,"경기도 부천시 부흥로 100-1, 201~202호 (상동)",37.49630375,126.7533974
부천시,체육도장업,경희대석사 슈퍼키즈 태권도장,경기도 부천시 옥길동 739-1번지 제이드카운티 2단지,"경기도 부천시 양지로 234-9, 2층 (옥길동, 제이드카운티 2단지)",37.4649574,126.8272366
부천시,체육도장업,부천태권도체육관,경기도 부천시 중동 1028-1번지 4층,"경기도 부천시 계남로 127, 4층 (중동)",37.5084525,126.7629615
부천시,체육도장업,피에스(PS)복싱클럽,경기도 부천시 상동 329-5번지 ,"경기도 부천시 석천로2번길 83, 4층 (상동)",37.48706557,126.7642397
부천시,체육도장업,웅무용인대태권도장,경기도 부천시 약대동 165-2번지,경기도 부천시 중동로364번길 42  (약대동),37.5125343,126.7721892
부천시,체육도장업,용인대신학유도관,경기도 부천시 원종동 138-32번지 3층,"경기도 부천시 원종로9번길 59, 3층 (원종동)",37.52648,126.8008241
부천시,체육도장업,경희대 참 태권도장,경기도 부천시 역곡동 202-1번지 대림(아) 상가 201호,"경기도 부천시 지봉로143번길 5, 상가동 201호 (역곡동, 대림아파트)",37.4897594,126.8139943
부천시,체육도장업,153태권도장,경기도 부천시 심곡동 181-12번지,"경기도 부천시 부흥로 407, 3층 (심곡동)",37.4896212,126.785964
부천시,체육도장업,아이언복싱클럽,경기도 부천시 원종동 222번지,경기도 부천시 원종로 30  (원종동),37.5237904,126.8033541
부천시,체육도장업,경희체육관,경기도 부천시 오정동 612번지,경기도 부천시 상오정로 24  (오정동),37.5238145,126.7863854
부천시,체육도장업,장무진머슬짐,경기도 부천시 원종동 212-23번지,경기도 부천시 원종로 24  (원종동),37.5238698,126.802381
부천시,체육도장업,고수회하람태권도장,경기도 부천시 중동 1145-2번지 네이버시티빌딩 504호,"경기도 부천시 중동로248번길 52, 504호 (중동)",37.5011176,126.7715797
부천시,체육도장업,평화태권도,경기도 부천시 중동 1289번지 중동팰리스카운티 아이파크상가 508호,"경기도 부천시 중동로 100, 508호 (중동, 아이파크상가)",37.4898473,126.7675778
부천시,체육도장업,건무관(태권도),경기도 부천시 송내동 370번지,경기도 부천시 중동로 71  (송내동),37.4861822,126.7640729
부천시,체육도장업,금메달체육도장,경기도 부천시 심곡본동 566-1번지 2층,,37.4769266,126.7813542
부천시,체육도장업,진영체육관,경기도 부천시 소사본동 190-5번지,경기도 부천시 호현로387번길 27  (소사본동),37.4721511,126.7910225
부천시,체육도장업,팀태권도&스포츠,경기도 부천시 삼정동 294-1 401호 ,"경기도 부천시 중동로 417 (삼정동,401호)",37.5172007,126.7698575
부천시,체육도장업,건우태권도체육관,경기도 부천시 고강동 307번지 2층,,37.5255898,126.8127388
부천시,체육도장업,부천유도체육관,경기도 부천시 괴안동 109-3 ,"경기도 부천시 경인로 490, 3층 (괴안동)",37.48326281,126.8099904
부천시,체육도장업,경희대석사 샛별태권도,경기도 부천시 오정동 200-1번지 썬프라자 302호,"경기도 부천시 오정로 247, 302호 (오정동, 썬프라자)",37.5295068,126.7852942
부천시,체육도장업,대망태권도체육관,경기도 부천시 원종동 265-3번지,경기도 부천시 소사로794번길 27  (원종동),37.5275344,126.8063194
부천시,체육도장업,용인대 고강 유도 체육관,경기도 부천시 고강동 348-4번지,"경기도 부천시 고리울로8번길 10, 3층 (고강동, 태성빌딩)",37.527425,126.8166597
부천시,체육도장업,선인체육관,경기도 부천시 원종동 366-2번지,경기도 부천시 삼작로410번길 4 (원종동),37.5196159,126.8070189
부천시,체육도장업,백호태권도,경기도 부천시 상동 536-213번지 월드컵타운 503호,"경기도 부천시 송내대로265번길 67 503호 (상동,월드컵타운)",37.5071741,126.7547433
부천시,체육도장업,원미금강태권도,"경기도 부천시 원미동 114-1번지 풍림@단지내 상가2층 204,205호","경기도 부천시 원미로 98, 단지내상가동 2층 204,502호 (원미동, 풍림아파트)",37.4913971,126.7914656
부천시,체육도장업,연세 엘리트 태권스쿨,경기도 부천시 심곡동 37-37번지 2층,"경기도 부천시 부천로147번길 24  (심곡동,2층)",37.497592,126.7843804
부천시,체육도장업,JS 복싱휘트니스클럽,경기도 부천시 심곡동 168-5번지,"경기도 부천시 부천로 24, 2층 (심곡동)",37.4862648,126.783441
부천시,체육도장업,원미태권도체육관,경기도 부천시 원미동 173-5번지,경기도 부천시 원미로97번길 31  (원미동),37.4913202,126.7888199
부천시,체육도장업,용인대신성태권도장,경기도 부천시 심곡본동 649번지 4층,"경기도 부천시 성주로243번길 43  (심곡본동,4층)",37.4802652,126.779185
부천시,체육도장업,경희대태권도,경기도 부천시 중동 1182 상가 301~2호,"경기도 부천시 조마루로 246, 상가 301~302호 (중동)",37.49791898,126.7710069
부천시,체육도장업,중동정도태권도장,경기도 부천시 중동 1173-1번지 보람마을 동남아파트 상가동 301~2호,"경기도 부천시 석천로 107, 상가동 301~302호 (중동, 보람마을 동남아파트)",37.4974288,126.7607124
부천시,체육도장업,경희대 최강태권도,경기도 부천시 중동 1027-2번지 101호,"경기도 부천시 도약로 112,  101호 (중동)",37.5109278,126.7617999
부천시,체육도장업,용인대석천태권도,경기도 부천시 상동 523-3번지 외 2필지 403호 ,"경기도 부천시 도약로 25, 403호 (상동)",37.51272662,126.7516032
부천시,체육도장업,꿈나무태권도장,경기도 부천시 범박동 152-2번지 현대홈타운제상가동3층301호,"경기도 부천시 범안로 118  (범박동,현대홈타운제상가동3층301호)",37.4712086,126.8088748
부천시,체육도장업,김진호복싱,경기도 부천시 중동 1162-9번지 새롬프라자,"경기도 부천시 석천로169번길 30, 303호 (중동)",37.502926,126.7612714
부천시,체육도장업,라온태권도,경기도 부천시 약대동 165-2번지 2층,"경기도 부천시 중동로364번길 42, 2층 (약대동)",37.5125343,126.7721892
부천시,체육도장업,한양대유신태권도체육관,경기도 부천시 도당동 116-14번지 3층,"경기도 부천시 삼작로 287, 3층 (도당동)",37.5202321,126.7933186
부천시,체육도장업,한울효 태권도장,경기도 부천시 원종동 141-4 ,"경기도 부천시 성오로117번길 14, 3층 (원종동)",37.52418241,126.7989984
부천시,체육도장업,제1체육관,경기도 부천시 상동 408-3번지,경기도 부천시 부일로191번길 26  (상동),37.489679,126.7514995
부천시,체육도장업,한가람태권도장,경기도 부천시 상동 523-8번지 에이스프라자 402호,"경기도 부천시 도약로 29, 402호 (상동, 에이스프라자)",37.5125933,126.7524971
부천시,체육도장업,용인대 금메달 브레인 태권도장,경기도 부천시 옥길동 777-1 ,"경기도 부천시 범안로 221, 헤리움타운 207호 (옥길동)",37.46264688,126.8127467
부천시,체육도장업,얄린태권도체육관,경기도 부천시 중동 1101번지 연화마을 상가 3층,,37.4976205,126.780298
부천시,체육도장업,Team5유도교실,경기도 부천시 중동 1146-4번지 무광프라자 302호,"경기도 부천시 중동로248번길 55, 302호 (중동, 무광프라자)",37.5015413,126.7717141
부천시,체육도장업,예전태권도체육관,경기도 부천시 고강동 416-11번지,경기도 부천시 역곡로482번길 163-3  (고강동),37.524707,126.8244042
부천시,체육도장업,고려대슈퍼아이태권도장,경기도 부천시 중동 3-77번지 ,"경기도 부천시 신흥로 285, 지하1층 일부호 (중동, 나성빌딩)",37.5089258,126.7744963
부천시,체육도장업,대학태권도체육관,경기도 부천시 송내동 588-3번지,경기도 부천시 경인로134번길 52  (송내동),37.4816797,126.7697968
부천시,체육도장업,정도태권도장,경기도 부천시 원종동 214-6번지,경기도 부천시 성오로102번길 34  (원종동),37.5225904,126.8023731
부천시,체육도장업,캡틴 코리아 태권도장,경기도 부천시 옥길동 726-1번지 ,"경기도 부천시 옥길로 123, 6층 (옥길동, 센타프라자)",37.4678785,126.8224595
부천시,체육도장업,영웅체육관,경기도 부천시 소사본동 230번지,경기도 부천시 소사로 146 (소사본동),37.4712135,126.7957956
부천시,체육도장업,혜성합기도 체육관,경기도 부천시 역곡동 67-7번지 ,"경기도 부천시 역곡로 49, 3층 301호 (역곡동)",37.48931978,126.8095404
부천시,체육도장업,숭무관,경기도 부천시 원종동 138-32 ,"경기도 부천시 원종로9번길 59, 4층 (원종동)",37.52668126,126.8008763
부천시,체육도장업,부천 캡틴코리아 태권도장,경기도 부천시 옥길동 726-1번지 센타프라자 ,"경기도 부천시 옥길로 123, 센타프라자 6층 (옥길동)",37.4679055,126.8224368
부천시,체육도장업,용인대 석사 해솔태권도장,경기도 부천시 상동 397번지 ,"경기도 부천시 상일로 69, 2층 202,203,204호 (상동)",37.49267615,126.7499968
부천시,체육도장업,신화합기도,경기도 부천시 원미동 83-9번지 ,"경기도 부천시 조마루로412번길 44, 2층 (원미동)",37.49553731,126.7890228
부천시,체육도장업,고강체육관,경기도 부천시 고강동 318번지 ,"경기도 부천시 고강로92번길 41, 5동 2층 (고강동)",37.52839468,126.8144626
부천시,체육도장업,히트앤핏,경기도 부천시 상동 536-2번지 월드컵타운 ,"경기도 부천시 송내대로265번길 67, 월드컵타운 303호 (상동)",37.50724668,126.7549177
부천시,체육도장업,으뜸합기도체육관,경기도 부천시 소사본동 195번지 대원빌딩 ,"경기도 부천시 은성로 62, 대원빌딩 2,3층 (소사본동)",37.47500991,126.7976279
부천시,체육도장업,합기도 진중관,경기도 부천시 심곡동 308-21번지 부영빌딩 ,"경기도 부천시 장말로 279, 부영빌딩 2층 (심곡동)",37.49173929,126.7730466
부천시,체육도장업,서무체육관,경기도 부천시 상동 394번지 ,"경기도 부천시 부흥로 102-1, 상가동 201호 (상동)",37.49637027,126.7539398
부천시,체육도장업,진(JIN)복싱다이어트,경기도 부천시 중동 713-9번지 5층호,"경기도 부천시 부흥로 224, 5층 (중동, 신한은행)",37.49553401,126.7672177
부천시,체육도장업,용인대 NO.1 태권도장,경기도 부천시 옥길동 777-2 ,"경기도 부천시 범안로 231-15, 6층 601호 (옥길동)",37.46243241,126.8130653
부천시,체육도장업,용인대하이유도관,경기도 부천시 중동 1134-1번지 상지프라자 ,"경기도 부천시 조마루로285번길 60, 상지프라자 4층 405호 (중동)",37.49998027,126.7751342
부천시,체육도장업,GP주짓수멀티짐,경기도 부천시 중동 1056 제일프라자 ,"경기도 부천시 길주로 243, 제일프라자 3층 303호 (중동)",37.50443589,126.7695745
부천시,체육도장업,명지대 검도교육관,경기도 부천시 심곡본동 711 ,"경기도 부천시 성주로 228, 3층 (심곡본동)",37.47875753,126.7815078
부천시,체육도장업,화랑합기도,경기도 부천시 원종동 232-3 ,"경기도 부천시 소사로 792, 3층 (원종동)",37.52681519,126.8052436
부천시,체육도장업,관우체육관,경기도 부천시 심곡본동 583-6번지 ,"경기도 부천시 심곡로 50, 2층 (심곡본동)",37.47957262,126.7750492
부천시,체육도장업,안래기 복싱클럽,경기도 부천시 괴안동 155-8 괴안동 세경프라자 ,"경기도 부천시 범안로 60, 괴안동 세경프라자 (괴안동)",37.47638177,126.8078143
부천시,체육도장업,김지호 복싱 다이어트,경기도 부천시 춘의동 122-1번지 4층,"경기도 부천시 부천로 235, 4층 (춘의동, 형제빌딩)",37.5049836,126.7862702
부천시,체육도장업,경희대 올림픽 태권도장,경기도 부천시 소사본동 409-6번지 504호,"경기도 부천시 소사동로72번길 17, 504호 (소사본동, 아크리아Ⅲ)",37.4724608,126.8033549
부천시,체육도장업,삼손복싱체육관,경기도 부천시 송내동 709-5번지 5층,"경기도 부천시 송내대로 33  (송내동,5층)",37.486402,126.7527429
부천시,체육도장업,한양대 왕호 태권도장,경기도 부천시 소사본동 149-37번지,경기도 부천시 소사로201번길 54 (소사본동),37.4763433,126.7924916
부천시,체육도장업,용인대신라태권스쿨,경기도 부천시 원미동 109-17번지 3층일부,"경기도 부천시 조종로 13, 3(일부)층 (원미동)",37.49337,126.786349
부천시,체육도장업,경희대HERO's태권도교육관,경기도 부천시 여월동 335번지 두오프라자 201호,"경기도 부천시 여월로 70, 201호 (여월동, 두오파크프라자)",37.5112898,126.8064638
부천시,체육도장업,한국 꿈나무 태권도,경기도 부천시 상동 329-12번지 형제빌딩,"경기도 부천시 중동로85번길 7, 2층 (상동)",37.4874266,126.7646004
부천시,체육도장업,경희베스트체대,경기도 부천시 심곡동 155-1번지 지하,"경기도 부천시 부흥로 404, 지하층 (심곡동)",37.4895926,126.7851048
부천시,체육도장업,원미정도태권도장,경기도 부천시 원미동 2-2번지 2층 ,"경기도 부천시 원미로 176, 2층 (원미동)",37.4981745,126.7925774
부천시,체육도장업,용인대석사한가림태권도장,경기도 부천시 중동 1181번지 미리내마을 동성상가 302호,"경기도 부천시 조마루로 233, 동성상가동 302호 (중동, 미리내마을)",37.4990146,126.7697203
부천시,체육도장업,태비 바른아이 태권도장,경기도 부천시 여월동 5-20번지 301호 ,"경기도 부천시 성곡로 65, 301호 (여월동)",37.5191223,126.7975749
부천시,체육도장업,신한체육관,경기도 부천시 약대동 83-1번지 ,"경기도 부천시 평천로696번길 5, 2층 (약대동)",37.5147066,126.7680766
부천시,체육도장업,부부 우리 태권도장,경기도 부천시 고강동 310-24번지 조광프라자 ,"경기도 부천시 고강로72번길 49, 조광프라자 (고강동)",37.527508,126.8121569
부천시,체육도장업,강석태권도전문교육관,경기도 부천시 범박동 151-2번지 현대힐스테이트5단지 상가동 302호,"경기도 부천시 범안로 130-21, 상가동 302호 (범박동, 현대홈타운)",37.4689905,126.8078519
부천시,체육도장업,튼튼체육관,경기도 부천시 역곡동 18-11번지,경기도 부천시 부일로 631 (역곡동),37.4839254,126.8003283
부천시,체육도장업,동남체육관,경기도 부천시 중동 11-2블럭호,,37.5111475,126.7679973
부천시,체육도장업,GLH태권도장 3관,"경기도 부천시 중동 1182번지 그린타운 상가동 301,302호","경기도 부천시 조마루로 246, 301, 302호 (중동, 우성상가)",37.4974282,126.769386
부천시,체육도장업,금성체육관,경기도 부천시 심곡본동 675번지 4층,"경기도 부천시 성주로 267 (심곡본동,4층)",37.4822075,126.7819379
부천시,체육도장업,빅터 아카데미 주짓수,경기도 부천시 원미동 77-2 새마을금고부천지점 ,"경기도 부천시 원미로143번길 9, 3층 (원미동)",37.49532774,126.7910214
부천시,체육도장업,신흥태권도장,경기도 부천시 춘의동 127번지 2층,"경기도 부천시 옥산로138번길 30, 2층 (춘의동, 광성아파트)",37.50548,126.781858
부천시,체육도장업,승리태권도장,경기도 부천시 상동 445 ,"경기도 부천시 장말로 138, 꿈동산 상가동 2층 (상동)",37.49362512,126.7574286
부천시,체육도장업,고려대태권도전문도장,경기도 부천시 상동 536-1번지 703반,경기도 부천시 송내대로265번길 73  (상동),37.5072006,126.7544944
부천시,체육도장업,부천한양유도체육관,경기도 부천시 소사본동 216번지,경기도 부천시 소사로 158  (소사본동),37.4722675,126.7956909
부천시,체육도장업,다윗태권스쿨,경기도 부천시 심곡동 125-15번지 4층,"경기도 부천시 원미로 22, 4층 (심곡동)",37.4844823,126.789156
부천시,체육도장업,삼부태권도장,경기도 부천시 심곡동 437-19번지,경기도 부천시 부흥로352번길 16 (심곡동),37.4923686,126.7807998
부천시,체육도장업,용인대유대태권도체육관,경기도 부천시 중동 707-2번지,경기도 부천시 부흥로 198 (중동),37.4957605,126.7644382
부천시,체육도장업,용인대타이곤태권도장,경기도 부천시 상동 536-0001번지 보람프라자 7층 703호,"경기도 부천시 송내대로265번길 73 7층 703호 (상동,보람플라자)",37.5072006,126.7544944
부천시,체육도장업,나토얀태권도,경기도 부천시 원종동 134-7번지,경기도 부천시 소사로793번길 22  (원종동),37.5267553,126.8037421
부천시,체육도장업,도계수련원,경기도 부천시 원종동 375-9 ,"경기도 부천시 소사로699번길 8, 2층 (원종동)",37.51867122,126.8044251
부천시,체육도장업,키즈펀태권도,경기도 부천시 송내동 369번지 302호,경기도 부천시 경인로53번길 42 (송내동),37.4853486,126.761769
부천시,체육도장업,용인대태풍태권도장,경기도 부천시 상동 395 반달마을 상가동 3층304호 ,"경기도 부천시 장말로 96, 304호 (상동, 반달마을 상가동)",37.49391147,126.7528104
부천시,체육도장업,고려대태권스쿨,경기도 부천시 심곡동 153-10번지 2층,"경기도 부천시 부천로66번길 57, 2층 (심곡동)",37.4883424,126.7862956
부천시,체육도장업,용인대 국가대표 부부 태권도장,경기도 부천시 도당동 116-15번지,"경기도 부천시 삼작로 289, 3층 (도당동)",37.5202326,126.793624
부천시,체육도장업,한국체대 다윗태권도,경기도 부천시 고강동 380-3번지 3층,"경기도 부천시 역곡로504번길 56  (고강동,3층)",37.5289787,126.819156
부천시,체육도장업,태극태권도장,경기도 부천시 상동 535-1번지 503반,경기도 부천시 송내대로265번길 85  (상동),37.5072623,126.7538608
부천시,체육도장업,웅비체육관,경기도 부천시 심곡동 377-12번지 ,경기도 부천시 장말로352번길 37 (심곡동),37.48867445,126.7807203
부천시,체육도장업,경희대태권도장,경기도 부천시 옥길동 744-2번지 6층 ,"경기도 부천시 옥길로 110-19, 6층 (옥길동, ES타워)",37.4666118,126.8234985
부천시,체육도장업,명문 태권도장,경기도 부천시 송내동 454-11번지 ,경기도 부천시 성주로 109 (송내동),37.4796497,126.7684351
부천시,체육도장업,충무체육도장,경기도 부천시 상동 318-4번지,경기도 부천시 부일로297번길 3  (상동),37.4884864,126.7629349
부천시,체육도장업,동광신태권도체육관,경기도 부천시 심곡동 150-3번지,경기도 부천시 부천로36번길 31  (심곡동),37.4872065,126.7859597
부천시,체육도장업,부천용인대유도체육관,경기도 부천시 심곡동 106-5번지 지층호,"경기도 부천시 부천로 79, 지층호 (심곡동, 세상빌딩)",37.4913475,126.7840481
부천시,체육도장업,한체대상일태권스쿨,경기도 부천시 상동 231-35번지 2층 ,"경기도 부천시 석천로60번길 17, 2층 (상동)",37.4924858,126.7624358
부천시,체육도장업,경희대석사백마체육관,경기도 부천시 원종동 237-15 3층 ,"경기도 부천시 고강로40번길 58 (원종동,3층)",37.52791654,126.808606
부천시,체육도장업,엘리트 합기도,경기도 부천시 옥길동 726-4번지 상림프라자 ,"경기도 부천시 옥길로 113, 상림프라자 602~603호 (옥길동)",37.46718419,126.8220995
부천시,체육도장업,포올(For all),경기도 부천시 중동 1033-3번지 굿모닝프라자 315~316호,"경기도 부천시 길주로 199, 315~316호 (중동, 굿모닝프라자)",37.5049778,126.7644994
부천시,체육도장업,경희대열정태권도,경기도 부천시 도당동 67-28번지,"경기도 부천시 삼작로256번길 61, 3층 (도당동)",37.5173159,126.7899673
부천시,체육도장업,성산태권도장,경기도 부천시 도당동 130-2번지,경기도 부천시 삼작로302번길 12  (도당동),37.5195322,126.7949382
부천시,체육도장업,트라이스톤GYM,경기도 부천시 심곡동 177-9번지,경기도 부천시 부일로 473 (심곡동),37.4860381,126.7826615
부천시,체육도장업,부천태권도장,경기도 부천시 중동 1028-1번지 302호 ,"경기도 부천시 계남로 127, 302호 (중동)",37.50845252,126.7629615
부천시,체육도장업,화랑K 태권도장,경기도 부천시 소사본동 244-66 동문밀리언상가 ,"경기도 부천시 소안로 10, 동문밀리언상가 1층 (소사본동)",37.47571131,126.8011026
부천시,체육도장업,용인대 TOP 복싱,경기도 부천시 원종동 224-1번지 장우빌딩 3층,"경기도 부천시 소사로 745, 3층 (원종동, 장우빌딩)",37.5224767,126.8044322
부천시,체육도장업,경희대번개태권도,경기도 부천시 범박동 151-2번지 현대홈타운 5단지 상가 302호,"경기도 부천시 범안로 130-21 상가 302호 (범박동,부천범박힐스테이트5단지아파트)",37.4689905,126.8078519
부천시,체육도장업,대한검도 소사관,경기도 부천시 옥길동 744-3 ,"경기도 부천시 옥길로 110-11, 801~2호 (옥길동)",37.46647479,126.8231831
부천시,체육도장업,명성체육관,경기도 부천시 중동 1027-2번지 101호,"경기도 부천시 도약로 112,  101호 (중동)",37.5109278,126.7617999
부천시,체육도장업,경희대금성체육관,경기도 부천시 소사본동 203-19번지 2층,경기도 부천시 소사로 162 (소사본동),37.472601,126.7957691
부천시,체육도장업,휘트니스체육관,경기도 부천시 중동 1144-4번지 502반,경기도 부천시 중동로248번길 86  (중동),37.500869,126.7734691
부천시,체육도장업,수주태권도체육관,경기도 부천시 고강동 311-8번지 수주태권도 ,"경기도 부천시 성지로102번길 33, 수주태권도 (고강동)",37.5282301,126.8129923
부천시,체육도장업,홍익태권도,경기도 부천시 송내동 587-3번지 ,경기도 부천시 경인로134번길 34 (송내동),37.4824815,126.7697943
부천시,체육도장업,용인대 큰나라 태권도,경기도 부천시 중동 1052-3번지 지층1호,"경기도 부천시 계남로 202, 지층1호 (중동)",37.5069814,126.7707699
부천시,체육도장업,튼튼아이태권도,"경기도 부천시 원미동 114-1번지 풍림아파트상가 204~7, 215~6호","경기도 부천시 원미로 100, 204~7, 2015~6호 (원미동, 풍림아파트상가)",37.4913971,126.7914656
부천시,체육도장업,"에스알체육관(유도,격투기)",경기도 부천시 오정동 114-22번지 4층,"경기도 부천시 오정로252번길 76  (오정동,4층)",37.5284797,126.7902637
부천시,체육도장업,푸른합기도,경기도 부천시 옥길동 504-4 ,"경기도 부천시 연동로 166, 2층 (옥길동)",37.47590428,126.8234147
부천시,체육도장업,팀 루타도 MMA,경기도 부천시 옥길동 745-7 지음프라자 ,"경기도 부천시 양지로 208, 지음프라자 406호 (옥길동)",37.46726365,126.8240015
부천시,체육도장업,GP주짓수멀티짐,경기도 부천시 중동 1056 제일프라자 ,"경기도 부천시 길주로 243, 제일프라자 303호 (중동)",37.50443589,126.7695745
부천시,체육도장업,거인체육관 역곡관,경기도 부천시 역곡동 411번지 동부센트레빌3단지아파트 ,"경기도 부천시 안곡로279번길 42, 지층 1, 2호 (역곡동, 동부센트레빌3단지아파트)",37.49169095,126.8131707
부천시,체육도장업,용인대 준 태권도,경기도 부천시 여월동 335번지 두오파크프라자 ,"경기도 부천시 여월로 70, 두오파크프라자 206호 (여월동)",37.51128989,126.8064638
부천시,체육도장업,아이베스트,경기도 부천시 상동 523-11 늘푸른상가 ,"경기도 부천시 도약로 33, 늘푸른상가 401호 (상동)",37.51261666,126.7531671
부천시,체육도장업,진스태권도장,경기도 부천시 중동 1113번지 위브더스테이트 ,"경기도 부천시 신흥로 150, 위브더스테이트 상가7동 114호 (중동)",37.49709882,126.7783569
부천시,체육도장업,항동 태권도,경기도 부천시 옥길동 482-4 ,"경기도 부천시 옥길로 171, 1층 (옥길동)",37.4713564,126.8256836
부천시,체육도장업,건무관,경기도 부천시 심곡본동 691번지 ,"경기도 부천시 경인로224번길 67, 2층 (심곡본동)",37.48027954,126.7798194
부천시,체육도장업,한얼합기도,경기도 부천시 도당동 61-4번지 에덴빌딩 ,"경기도 부천시 삼작로 265, 에덴빌딩 3층 (도당동)",37.52031805,126.7909656
부천시,체육도장업,하늘합기스쿨,경기도 부천시 상동 397번지 ,"경기도 부천시 상일로 69, 2층 206, 207, 208, 209호 (상동)",37.49267615,126.7499968
부천시,체육도장업,점프스타 태권줄넘기,경기도 부천시 도당동 67-28번지 ,"경기도 부천시 삼작로256번길 61, 3층 (도당동)",37.5173159,126.7899673
부천시,체육도장업,초석검도관,경기도 부천시 중동 713-3 ,"경기도 부천시 부흥로 216, 2층 (중동)",37.49563795,126.766538
부천시,체육도장업,경희대 한결 태권도장,경기도 부천시 고강동 398-2번지 DH(주상복합)빌딩 ,"경기도 부천시 고리울로52번길 29, 203호 (고강동, DH(주상복합)빌딩)",37.5258109,126.8215395
부천시,체육도장업,한국체대 길 태권도장,경기도 부천시 중동 1289번지 ,"경기도 부천시 중동로 108-2, 팰리스카운티 중앙상가 204,205,210호 (중동)",37.48996005,126.7680866
부천시,체육도장업,경희대 상동 태권도장,경기도 부천시 상동 394-1번지 ,"경기도 부천시 장말로 107-2, 301호,302(일부)호 (상동)",37.49551463,126.7544087
부천시,체육도장업,비앤지 주짓수&합기도,경기도 부천시 송내동 368 상가동 ,"경기도 부천시 중동로 57, 상가동 219호 (송내동)",37.485319,126.763879
부천시,체육도장업,현 검도관,경기도 부천시 소사본동 409-3 센트럴프라자 ,"경기도 부천시 소사동로 82, 센트럴프라자 301호 (소사본동)",37.47322238,126.8039531
부천시,체육도장업,대무관,경기도 부천시 괴안동 155-8 ,"경기도 부천시 범안로 60, 세경프라자 202~203호호 (괴안동)",37.47638177,126.8078143
부천시,체육도장업,용인대한울태권도,경기도 부천시 상동 590-1 목련마을 상가동 303호,"경기도 부천시 신상로 54, 상가동 303호 (상동, 목련마을)",37.49387887,126.7476749
부천시,체육도장업,원종검도관,경기도 부천시 여월동 5-20번지 4층 ,"경기도 부천시 성곡로 65, 4층 (여월동)",37.5190323,126.7975752
부천시,체육도장업,경희대석사등룡태권도장,경기도 부천시 여월동 7-4번지 ,"경기도 부천시 삼작로 338, 3층 (여월동)",37.51970181,126.7991796
부천시,체육도장업,강산권투체육관,경기도 부천시 소사본동 128-16 ,경기도 부천시 소사로 250 (소사본동),37.48068225,126.7957857
부천시,체육도장업,부천한국체대입시,경기도 부천시 중동 1149번지 부천중동리슈빌엔클래스,"경기도 부천시 길주로 246, B102호 (중동)",37.503231,126.7695715
부천시,체육도장업,데일리짐복싱,경기도 부천시 송내동 373 ,"경기도 부천시 중동로 48, 9층 902호 (송내동)",37.48440179,126.7642273
부천시,체육도장업,금홍복싱클럽,경기도 부천시 고강동 346-1 동림빌딩 ,"경기도 부천시 역곡로472번길 12, 동림빌딩 (고강동)",37.52656643,126.8166763
부천시,체육도장업,프로 스크린골프,경기도 부천시 상동 533-3번지 아트프라자 201호,"경기도 부천시 상동로117번길 49,  201호 (상동,아트프라자)",37.5076516,126.7505005
부천시,체육도장업,신정태권도장,경기도 부천시 괴안동 28-5 정석빌딩 ,"경기도 부천시 안곡로 3, 정석빌딩5층 5층 (괴안동)",37.47896643,126.8028367
부천시,체육도장업,충호체육관,경기도 부천시 심곡동 92-12번지,경기도 부천시 조마루로366번길 67  (심곡동),37.4955715,126.7831085
부천시,체육도장업,한국체대천지태권도(HSTM),경기도 부천시 원종동 366-2번지 ,"경기도 부천시 삼작로410번길 4, 2층 (원종동)",37.5196159,126.8070189
부천시,체육도장업,상승체육관,경기도 부천시 춘의동 214-33번지,"경기도 부천시 조마루로371번길 69, 2층 (춘의동)",37.5010903,126.7856821
